title,price(tk),special_price(tk),emi,reviews,product_id,ram,storage,generation,graphics_memory,processor_type,display_size(inch)
Lenovo IdeaPad Slim 3i 14IGL Intel CDC N4020 256GB SSD 14 Inch FHD Display Platinum Grey Laptop #81WH00A0IN-3Y,"39,390","36,500","Monthly EMI Tk 3,283", 2 reviews ,33.01.200.1002,4GB,256GB SSD,Not Applicable,Shared,Intel Celeron,14
Lenovo V14 Intel Core i3 1115G4 14 Inch FHD TN Display Black Laptop #82KA00E6IN,"53,710","49,900","Monthly EMI Tk 4,476", 3 reviews ,33.01.200.972,4GB,1TB HDD,11th (Intel),Shared,Core i3,14
Lenovo IdeaPad Slim 3i 15IIL Intel Core i3 1005G1 4GB Ram 15.6 Inch FHD Display Platinum Grey Laptop #81WE01P2IN-3Y,"51,000","47,500","Monthly EMI Tk 4,250", 1 reviews ,33.01.200.1001,4GB,256GB SSD,10th (Intel),Shared,Core i3,15.6
Lenovo V14 Intel Core i3 1115G4 14 Inch HD TN Display Iron Grey Laptop #82KA00LFIN,"52,620","48,900","Monthly EMI Tk 4,385", 1 reviews ,33.01.200.949,4GB,1TB HDD,11th (Intel),Shared,Core i3,14
Lenovo IdeaPad Slim 3i 15IGL Intel CDC N4020 15.6 Inch FHD Display Platinum Grey Laptop #81WQ00MKIN-3Y,"39,390","36,500","Monthly EMI Tk 3,283", 1 reviews ,33.01.200.1003,4GB,256GB SSD,Not Applicable,Shared,Intel Celeron,15.6
Dell Inspiron 15 3515 AMD Ryzen 3 3250U 15.6 Inch FHD Display Silver Laptop,"56,960","52,500","Monthly EMI Tk 4,747", 1 reviews ,33.01.013.1616,8GB,256GB SSD,Not Applicable,Shared,Ryzen 3,15.6
Lenovo V14 11th Gen Intel Core i3 1115G4 14 Inch HD TN Display Iron Grey Laptop #82KA00LFIN-3Y,"58,590","54,400","Monthly EMI Tk 4,883", 1 reviews ,33.01.200.1007,8GB,1TB HDD+256GB SSD,11th (Intel),Shared,Core i3,14
Dell Inspiron 15 3511 Intel Core i3 1115G4 4GB RAM 15.6 Inch FHD Display Platinum Silver Laptop #WARLOCKN315TGL2205401-2Y,"55,880","52,000","Monthly EMI Tk 4,657", 1 reviews ,33.01.013.1529,4GB,256GB SSD,11th (Intel),Shared,Core i3,15.6
Dell Inspiron 15 3511 Intel Core i3 1115G4 256GB SSD 15.6 Inch FHD Display Carbon Black Laptop,"62,390","57,900","Monthly EMI Tk 5,199",,33.01.013.1635,8GB,256GB SSD,11th (Intel),Shared,Core i3,15.6
Dell Inspiron 15 3511 Intel Core i5 1135G7 15.6 Inch FHD Display Platinum Silver Laptop #WARLOCKN315TGL2205115B-2Y,"79,210","74,000","Monthly EMI Tk 6,601", 1 reviews ,33.01.013.1534,4GB,1TB HDD,11th (Intel),2GB,Core i5,15.6
Dell Inspiron 15 3511 Intel Core i5 1135G7 512GB SSD 15.6 Inch FHD Display Platinum Silver Laptop,"81,920","75,900","Monthly EMI Tk 6,827",,33.01.013.1617,8GB,512GB SSD,11th (Intel),Shared,Core i5,15.6
Dell Inspiron 15 3511 Intel Core i3 1115G4 256GB SSD 15.6 Inch FHD Display Platinum Silver Laptop,"62,390","57,900","Monthly EMI Tk 5,199", 1 reviews ,33.01.013.1615,8GB,256GB SSD,11th (Intel),Shared,Core i3,15.6
Dell Inspiron 15 3511 Intel Core i5 1135G7 15.6 Inch FHD Display 512GB SSD Platinum Silver Laptop #WARLOCKN315TGL22054465B-2Y,"88,430","81,800","Monthly EMI Tk 7,369",,33.01.013.1630,8GB,512GB SSD,11th (Intel),2GB,Core i5,15.6
Dell Inspiron 15 3511 Intel Core i3 1115G4 15.6 Inch FHD Display Mist Blue Speckle Laptop #WARLOCKN315TGL2205401,"60,220","55,900","Monthly EMI Tk 5,018",,33.01.013.1623,8GB,256GB SSD,11th (Intel),Shared,Core i3,15.6
Acer Aspire 3 A315-58 11th Gen Intel Core i5 1135G7 15.6 Inch FHD Display Pure Silver Laptop #UN.ADDSI.079,"69,980","65,000","Monthly EMI Tk 5,832", 14 reviews ,33.01.002.980,8GB,512GB SSD,11th (Intel),Shared,Core i5,15.6
HP 14s-dq5345TU Intel Core i3 1215U 14 Inch FHD Display Silver Laptop #681P0PA-2Y,"69,980","64,500","Monthly EMI Tk 5,832", 2 reviews ,33.01.020.1463,8GB,512GB SSD,12th (Intel),Shared,Core i3,14
Acer TravelMate TMB311-31-C3CD Intel CDC N4020 11.6 Inch HD Display Shale Black Laptop #NX.VNFSI.009,"35,810","33,500","Monthly EMI Tk 2,984", 1 reviews ,33.01.002.962,4GB,256GB SSD,Not Applicable,Shared,Intel Celeron,11.6
Dynabook (Toshiba) Satellite Pro C40-G-109 Intel CDC 5205U14 Inch HD Display Dark Blue Laptop #PYS26E,"33,640","31,500","Monthly EMI Tk 2,803", 4 reviews ,33.01.853.153,4GB,128GB SSD,Not Applicable,Shared,Intel Celeron,14
Acer Extensa 15 EX215-54-57SB Intel Core i5 1135G7 15.6 Inch FHD Charcoal Black Laptop #NX.EGJSI.00D,"68,900","64,000","Monthly EMI Tk 5,742", 1 reviews ,33.01.002.959,8GB,1TB HDD,11th (Intel),Shared,Core i5,15.6
Dell Inspiron 15 3520 Intel Core i3 1215U 15.6 Inch FHD Display Platinum Silver Laptop #WARMLKN15ADL23051004PLASPP-2Y,"69,440","64,500","Monthly EMI Tk 5,787",,33.01.013.1625,8GB,512GB SSD,12th (Intel),Shared,Core i3,15.6
HP 15s-fq5786TU Intel Core i3 1215U 15.6 Inch FHD Display Silver Laptop #681P9PA-2Y,"69,440","65,000","Monthly EMI Tk 5,787", 4 reviews ,33.01.020.1465,8GB,512GB SSD,12th (Intel),Shared,Core i3,15.6
Dell Inspiron 15 3520 Intel Core i3 1215U 15.6 Inch FHD Display Carbon Black Laptop #WARMLKN15ADL23051004PLASPP-2Y,"69,440","65,000","Monthly EMI Tk 5,787",,33.01.013.1626,8GB,512GB SSD,12th (Intel),Shared,Core i3,15.6
Asus VivoBook 15 X1500EA Intel Core i3 1115G4 1TB HDD 15.6 Inch FHD WV Display Indie Black Laptop #BQ2456W-X1500EA,"67,270","63,000","Monthly EMI Tk 5,606",,33.01.006.1628,8GB,1TB HDD,11th (Intel),Shared,Core i3,15.6
Lenovo ThinkPad E14 Gen 2 Intel Core i3 1115G4 14 Inch FHD Display Black Laptop #20TBS2W000-3Y,"68,360","63,500","Monthly EMI Tk 5,697", 1 reviews ,33.01.200.973,4GB,512GB SSD,11th (Intel),Shared,Core i3,14
Asus X515JA Intel Core i5 1035G1 15.6 Inch FHD Display Peacock Blue Laptop #EJ2820W-X515JA,"67,270","63,000","Monthly EMI Tk 5,606", 1 reviews ,33.01.006.1526,8GB,1TB HDD,10th (Intel),Shared,Core i5,15.6
Asus X515JA 10th Gen Intel Core i5 1035G1 15.6 Inch FHD WV Display Slate Grey Laptop #BQ3553W-X515JA,"67,270","63,000","Monthly EMI Tk 5,606",,33.01.006.1632,8GB,1TB HDD,10th (Intel),Shared,Core i5,15.6
Asus VivoBook 15 X1500EA 11th Gen Intel Core i3 8GB DDR4 15.6 Inch Display Indie Black Laptop #BQ2461W-X1500EA,"67,270","63,000","Monthly EMI Tk 5,606",,33.01.006.1627,8GB,512GB SSD,11th (Intel),Shared,Core i3,15.6
Asus VivoBook 14 X1400EA Intel Core i3 1115G4 14 Inch FHD WV Display Black Laptop #EB1582W-X1400EA,"67,270","63,000","Monthly EMI Tk 5,606",,33.01.006.1624,8GB,512GB SSD,11th (Intel),Shared,Core i3,14
HP 15s-fq5487TU Intel Core i3 1215U 15.6 Inch FHD Display Silver Laptop #6F960PA-2Y,"67,810","62,900","Monthly EMI Tk 5,651",,33.01.020.1479,8GB,256GB SSD,12th (Intel),Shared,Core i3,15.6
Lenovo ThinkPad E14 11th Gen Intel Core i7 1165G7 14 Inch FHD Display Black,"105,250","98,000","Monthly EMI Tk 8,771",,33.01.200.1008,8GB,512GB SSD,11th (Intel),Shared,Core i7,14
HP 15s-eq2890AU AMD Ryzen 3 5300U 15.6 Inch FHD Display Silver Laptop #577Z5PA-2Y,"67,270","62,500","Monthly EMI Tk 5,606", 4 reviews ,33.01.020.1407,8GB,512GB SSD,Not Applicable,Shared,Ryzen 3,15.6
Asus TUF Gaming F15 FX506LHB Intel Core i5 10300H 15.6 Inch FHD LED Display Black Plastic Gaming Laptop #HN323W-FX506LHB,"104,160","97,900","Monthly EMI Tk 8,680", 2 reviews ,33.02.006.1530,8GB,512GB SSD,10th (Intel),4GB,Core i5,15.6
MSI GF63 Thin 11SC Intel Core i5 11400H 15.6 Inch FHD Display Black Gaming Laptop #9S7-16R612-806,"105,250","97,500","Monthly EMI Tk 8,771", 1 reviews ,33.02.033.1207,8GB,512GB SSD,11th (Intel),4GB,Core i5,15.6
Asus TUF Gaming F15 FX506LH Intel Core i5 10300H 15.6 Inch FHD LED Display Black Plastic Gaming Laptop #HN004W-FX506LH,"104,160","97,900","Monthly EMI Tk 8,680", 1 reviews ,33.02.006.1520,8GB,512GB SSD,10th (Intel),4GB,Core i5,15.6
Lenovo ThinkPad E14 Gen 2 Intel Core i3 1115G4 14 Inch HD Display Black Laptop #20TBS24K00,"70,530","65,500","Monthly EMI Tk 5,878",,33.01.200.909,8GB,512GB SSD,11th (Intel),Shared,Core i3,14
Lenovo IdeaPad FLEX 5i 14ITL Intel Core i5 1135G7 14 Inch FHD IPS Display Graphite Grey Laptop #82HS0132IN-3Y,"104,700","97,000","Monthly EMI Tk 8,725", 1 reviews ,33.03.200.998,8GB,512GB SSD,11th (Intel),Shared,Core i5,14
Acer Aspire 5 A515-57G-52HF Intel Core i5 1240P 15.6 Inch FHD Display Steel Gray Gaming Laptop #NX.K9TSI.001,"104,160","96,000","Monthly EMI Tk 8,680",,33.02.002.975,8GB,512GB SSD,12th (Intel),4GB,Core i5,15.6
HP ProBook 440 G8 Intel Core i5 1135G7 14 Inch FHD Display Silver Laptop #464N1AV-3Y,"101,990","95,000","Monthly EMI Tk 8,499", 1 reviews ,33.01.020.1435,8GB,512GB SSD,11th (Intel),Shared,Core i5,14
Asus VivoBook S15 S533EQ Intel 1135G7 15.6 Inch FHD WV LED Display Indie Black Laptop #BQ381W-S533EQ,"102,530","96,500","Monthly EMI Tk 8,544", 1 reviews ,33.01.006.1544,8GB,512GB SSD,11th (Intel),2GB,Core i5,15.6
Lenovo IdeaPad FLEX 5i 14ITL 11th Gen Intel Core i5 1135G7 14 Inch FHD IPS Display Graphite Grey Laptop #82HS00PUIN / 82HS0132IN-2Y,"101,990","95,000","Monthly EMI Tk 8,499", 1 reviews ,33.03.200.958,8GB,512GB SSD,11th (Intel),Shared,Core i5,14
Asus ZenBook 14 UM425UA AMD Ryzen 5 5500U 14 Inch FHD WV Display Pine Grey Laptop #KI326W/KI304W-UM425UA,"105,250","97,000","Monthly EMI Tk 8,771", 1 reviews ,33.03.006.1603,8GB,512GB SSD,Not Applicable,Shared,Ryzen 5,14
Microsoft Surface Pro 9 (Wi-Fi) Intel Core i7 1255U 13 Inch Pixelsense Flow Multi Touch Display Graphite 2-in-1 Detachable Laptop (Type Cover is sold separately) #QIX-00018,"210,490","196,000","Monthly EMI Tk 17,541", 13 reviews ,33.03.191.328,16GB,512GB SSD,12th (Intel),Shared,Core i7,13
Lenovo Legion S7 15ACH6 AMD Ryzen 7 5800H 15.6 Inch 2K WQHD IPS Anti-Glare Display Shadow Black Gaming Laptop #82K800DKIN-3Y,"219,170","203,000","Monthly EMI Tk 18,264",,33.02.200.1044,16GB,1TB SSD,Not Applicable,6GB,Ryzen 7,15.6
Lenovo Legion 5 Pro 16ACH6H AMD Ryzen 7 5800H 16 Inch Display Storm Black Gaming Laptop #82JQ00RYIN-3Y,"222,430","206,000","Monthly EMI Tk 18,536",,33.02.200.1031,16GB,1TB SSD,Not Applicable,8GB,Ryzen 7,16
Dell Inspiron 15 3520 Intel Core i7 1255U 15.6 Inch FHD Display Platinum Silver Laptop #WARMLKN15ADL23051013PLA-2Y,"101,990","95,000","Monthly EMI Tk 8,499",,33.01.013.1629,8GB,512GB SSD,12th (Intel),Shared,Core i7,15.6
Microsoft Surface Pro 9 Intel Core i7 1255U 13 Inch Pixelsense Flow Multi Touch Display Platinum 2-in-1 Detachable Laptop (Type Cover is sold separately) #QIX-00001,"210,490","196,000","Monthly EMI Tk 17,541",,33.03.191.326,16GB,512GB SSD,12th (Intel),Shared,Core i7,13
Asus ROG Strix G15 G513IM AMD Ryzen 7 4800H 15.6 Inch 2K WQHD WV Display Eclipse Gray Gaming Laptop #HQ168W-G513IM,"200,730","187,000","Monthly EMI Tk 16,728", 1 reviews ,33.02.006.1612,16GB,512GB SSD,Not Applicable,6GB,Ryzen 7,15.6
Acer Predator Helios 300 PH315-54-77MK Intel Core i7 11800H 15.6 Inch QHD Display Abyssal Black Gaming Laptop #NH.QC2SI.005,"198,560","186,000","Monthly EMI Tk 16,547", 1 reviews ,33.02.002.946,16GB,1TB HDD+512GB SSD,11th (Intel),6GB,Core i7,15.6
Asus ZenBook Duo UX482EG Intel Core i7 1165G7 14 Inch FHD WV Display Celestial Blue Laptop #HY428W-UX482EG,"198,560","185,500","Monthly EMI Tk 16,547", 1 reviews ,33.03.006.1581,16GB,512GB SSD,11th (Intel),2GB,Core i7,14
Apple MacBook Pro (2022) Apple M2 Chip 13.3 Inch Retina Display Silver Laptop #MNEQ3LL/A / MNEQ3ZP/A,"199,100","184,000","Monthly EMI Tk 16,592", 1 reviews ,33.03.005.250,8GB,512GB SSD,Not Applicable,Shared,Apple M2,13.3
Microsoft Surface Laptop 4 Intel Core i7 1185G7 15 Inch Pixelsense Multi Touch Display Matte Black Laptop #5IP-00001,"196,390","182,000","Monthly EMI Tk 16,366", 1 reviews ,33.03.191.249,16GB,512GB SSD,11th (Intel),Shared,Core i7,15
"Apple MacBook Pro (2022) Apple M2 Chip 13.3 Inch Retina Display Space Gray Laptop #MNEJ3LL/A, MNEJ3ZP/A","199,100","184,000","Monthly EMI Tk 16,592",,33.03.005.281,8GB,512GB SSD,Not Applicable,Shared,Apple M2,13.3
Microsoft Surface Pro 7 Intel Core i7 1065G7 12.3 Inch PixelSense MultiTouch Display Platinum Laptop#PVV-00001,"199,640","185,000","Monthly EMI Tk 16,637",,33.03.191.293,16GB,1TB SSD,10th (Intel),Shared,Core i7,12.3
Apple MacBook Pro (2022) Apple M2 13.3 Inch Retina Display Space Gray Laptop,"199,100","184,000","Monthly EMI Tk 16,592", 1 reviews ,33.03.005.249,8GB,512GB SSD,Not Applicable,Shared,Apple M2,13.3
Microsoft Surface Laptop 4 Intel Core i7 1185G7 15 Inch Pixelsense Multi Touch Display Matte Black Metal Surface Laptop (5IP-00001),"196,390","182,000","Monthly EMI Tk 16,366", 1 reviews ,33.03.191.309,16GB,512GB SSD,11th (Intel),Shared,Core i7,15
Microsoft Surface Laptop Studio Intel Core i5 11300H 16GB Ram 14.4 Inch Pixelsense Flow Multi Touch Display Platinum Surface Laptop #THR-00001,"192,050","178,000","Monthly EMI Tk 16,004", 1 reviews ,33.03.191.270,16GB,256GB SSD,11th (Intel),Shared,Core i5,14.4
Asus TUF Gaming A15 FA507RE AMD Ryzen 7 6800H 15.6 Inch FHD WV LED Display Jaeger Gray (TUF) Gaming Laptop #HF075W-FA507RE,"193,130","180,000","Monthly EMI Tk 16,094", 1 reviews ,33.02.006.1587,16GB,512GB SSD,Not Applicable,4GB,Ryzen 7,15.6
Asus TUF Gaming A15 FA507RE AMD Ryzen 7 6800H 15.6 Inch FHD WV LED Display Mecha Gray (TUF) Gaming Laptop #HF045W-FA507RE,"193,130","180,000","Monthly EMI Tk 16,094", 1 reviews ,33.02.006.1586,16GB,512GB SSD,Not Applicable,4GB,Ryzen 7,15.6
Asus ZenBook S 13 Flip OLED UP5302ZA 12th Gen Intel Core i7 1260P 13.3 Inch Ponder Blue Laptop #UP5302ZA-LX155W,"189,880","179,990","Monthly EMI Tk 15,823", 12 reviews ,33.03.006.1657,16GB,512GB SSD,12th (Intel),Shared,Core i7,13.3
HP OMEN 16-c0456AX AMD Ryzen 9 5900H 16.1 Inch FHD IPS AntiGlare Display Mica Silver Gaming Laptop #5B859PA-2Y,"260,400","243,000","Monthly EMI Tk 21,700",,33.02.020.1399,16GB,1TB SSD,Not Applicable,8GB,Ryzen 9,16.1
Apple MacBook Pro (Late 2021) Apple M1 Pro 14.2 Inch Liquid Retina XDR Display Space Gray Laptop #Z15G001WC,"286,440","265,000","Monthly EMI Tk 23,870", 1 reviews ,33.03.005.276,16GB,512GB SSD,Not Applicable,Shared,Apple M1,14.2
Lenovo ThinkPad X1 Carbon Gen 9 Intel Core i7 1165G7 14 Inch WUXGA IPS Anti-Glare Display Black Laptop #20XXS89Y00,"256,060","238,000","Monthly EMI Tk 21,338",,33.03.200.992,16GB,512GB SSD,11th (Intel),Shared,Core i7,14
Apple MacBook Pro (Late 2021) Apple M1 Pro 14.2 Inch Liquid Retina XDR Display Space Gray Laptop #MKGQ3LL/A / MKGQ3X/A / MKGQ3PA/A,"278,850","258,000","Monthly EMI Tk 23,238", 1 reviews ,33.03.005.224,16GB,1TB SSD,Not Applicable,Shared,Apple M1,14.2
Asus ROG Zephyrus G14 GA402RJ AMD Ryzen 9 6900HS 15.6 Inch WQXGA WV Display Grey & AniMe Matrix Gaming Laptop #L8085W-GA402RJ,"279,930","260,000","Monthly EMI Tk 23,328",,33.02.006.1614,16GB,1TB SSD,Not Applicable,8GB,Ryzen 9,15.6
Asus ROG Zephyrus G15 GA503RM AMD Ryzen 7 6800HS 15.6 Inch WQHD WV Display Eclipse Gray Gaming Laptop #LN058W-GA503RM,"284,270","265,000","Monthly EMI Tk 23,689", 1 reviews ,33.02.006.1588,16GB,1TB SSD,Not Applicable,6GB,Ryzen 7,15.6
MSI Summit E16 Flip A12UCT Intel Core i7 1280p 16 Inch QHD+ Touch Display Ink Black Laptop #A12UCT-217BD-BB71280P32GXXDX11P,"269,080","249,900","Monthly EMI Tk 22,423",,33.03.033.1231,32GB,1TB SSD,12th (Intel),4GB,Core i7,16
Gigabyte AORUS 5 SE4 Intel Core i7 12700H 15.6 Inch FHD Display Matte Black Gaming Laptop,"250,640","232,000","Monthly EMI Tk 20,887", 1 reviews ,33.02.018.79,16GB,512GB SSD,12th (Intel),8GB,Core i7,15.6
Apple MacBook Pro (Late 2021) Apple M1 Pro 512GB SSD 14.2 Inch Liquid Retina XDR Display Silver Laptop #MKGR3LL/A / MKGR3X/A,"244,130","226,000","Monthly EMI Tk 20,344", 1 reviews ,33.03.005.230,16GB,512GB SSD,Not Applicable,Shared,Apple M1,14.2
Apple MacBook Pro Late 2021 Apple M1 Pro 512GB SSD 14.2 Inch Liquid Retina XDR Display Space Gray Laptop #MKGP3LL/A / MKGP3ZP/A / MKGP3PA/A / MKGP3X/A,"244,130","226,000","Monthly EMI Tk 20,344", 1 reviews ,33.03.005.226,16GB,512GB SSD,Not Applicable,Shared,Apple M1,14.2
Asus ROG Strix G17 G713RM AMD Ryzen 7 6800H 17.3 Inch FHD WV Display Eclipse Gray Gaming Laptop #KH157W-G713RM,"249,550","232,000","Monthly EMI Tk 20,796", 1 reviews ,33.02.006.1613,16GB,512GB SSD,Not Applicable,6GB,Ryzen 7,17.3
Gigabyte AORUS 15P XD Intel Core i7 11800H 15.6 Inch FHD Display Black Gaming Laptop,"241,960","224,000","Monthly EMI Tk 20,163", 1 reviews ,33.02.018.75,16GB,1TB SSD,11th (Intel),8GB,Core i7,15.6
MSI Creator Z16 A11UET-270BD Intel Core i7 11800H 16 Inch QHD+ Touch Display Lunar Gray Laptop #LG71180H16GXXDX10EMH,"242,500","223,500","Monthly EMI Tk 20,208", 1 reviews ,33.03.033.1200,16GB,512GB SSD,11th (Intel),6GB,Core i7,16
Gigabyte AERO 5 KE4 Intel Core i7 12700H 15.6 Inch 4K UHD OLED Display Matte Black Gaming Laptop,"240,870","224,000","Monthly EMI Tk 20,073", 1 reviews ,33.02.018.77,16GB,1TB SSD,12th (Intel),6GB,Core i7,15.6
Microsoft Surface Laptop Studio Intel Core i7 11370H 14.4 Inch Pixelsense Flow Multi Touch Display Platinum Surface Laptop #A1Y-00001,"236,530","219,000","Monthly EMI Tk 19,711", 1 reviews ,33.03.191.242,16GB,512GB SSD,11th (Intel),4GB,Core i7,14.4
"Apple MacBook Pro (Late 2021) Apple M1 Max 16.2 Inch Liquid Retina XDR Display Space Gray Laptop #MK1A3LL/A, MK1A3ZP/A","464,380","430,000","Monthly EMI Tk 38,698", 3 reviews ,33.03.005.214,32GB,1TB SSD,Not Applicable,Shared,Apple M1,16.2
Asus ZenBook 17 Fold OLED UX9702AA Intel Core i7 1250U 17.3 Inch 2.5K FOLED Touch Display Tech Black Laptop #MD022W-UX9702AA,"431,830","399,990","Monthly EMI Tk 35,986", 13 reviews ,33.03.006.1637,16GB,1TB SSD,12th (Intel),Shared,Core i7,17.3
Apple MacBook Pro (Late 2021) Apple M1 Max Chip 1TB SSD 14.2 Inch Liquid Retina XDR Display Space Gray Laptop #Z15H00107,"422,070","390,000","Monthly EMI Tk 35,173", 1 reviews ,33.03.005.271,32GB,1TB SSD,Not Applicable,Shared,Apple M1,14.2
Apple MacBook Pro (Late 2021) Apple M1 Max (10-Core) Chip 14.2 Inch Liquid Retina XDR Display Space Gray Laptop #Z15G0018R,"398,200","368,000","Monthly EMI Tk 33,183", 1 reviews ,33.03.005.227,32GB,1TB SSD,Not Applicable,Shared,Apple M1,14.2
Apple MacBook Pro (Late 2021) Apple M1 Pro Chip 16.2 Inch Liquid Retina XDR Display Silver Laptop #Z14Z00105,"404,710","374,000","Monthly EMI Tk 33,726", 1 reviews ,33.03.005.272,32GB,1TB SSD,Not Applicable,Shared,Apple M1,16.2
Apple MacBook Pro (Late 2021) Apple M1 Pro (10-Core) Chip 14.2 Inch Liquid Retina XDR Display Space Gray Laptop #Z15H000PA / Z15G0018Q,"377,580","350,000","Monthly EMI Tk 31,465", 1 reviews ,33.03.005.225,32GB,1TB SSD,Not Applicable,Shared,Apple M1,14.2
"Apple MacBook Pro (Late 2021) Apple M1 Max Chip 4TB SSD Space Gray Laptop #MK233LL/A, Z14X000CS","671,620","620,000","Monthly EMI Tk 55,968", 1 reviews ,33.03.005.269,64GB,4TB SSD,Not Applicable,Shared,Apple M1,16.2
Microsoft Surface Laptop 4 Intel Core i7 1185G7 15 Inch Pixelsense Multi Touch Display Matte Black Surface Laptop #5IT-00002,"198,560","184,000","Monthly EMI Tk 16,547", 1 reviews ,33.03.191.264,16GB,512GB SSD,11th (Intel),Shared,Core i7,15
Asus ProArt StudioBook 16 H5600QR AMD Ryzen 9 5900HX 16 Inch WQUXGA OLED Display Star Black Laptop #L2193W-H5600QR,"359,140","333,000","Monthly EMI Tk 29,928",,33.03.006.1611,32GB,1TB SSD,Not Applicable,8GB,Ryzen 9,16
Asus ROG Flow X13 GV301QE AMD Ryzen 9 5980HS 13.4 Inch WUXGA Touch Display OFF-Black Gaming Laptop #K6058T-GV301QE,"356,970","330,000","Monthly EMI Tk 29,748", 8 reviews ,33.02.006.1373,32GB,1TB SSD,Not Applicable,4GB & 16GB,Ryzen 9,13.4
"Apple MacBook Air (2022) Apple M2 Chip 13.6 Inch Liquid Retina Display Midnight MacBook #Z1610005L, Z1610000E","341,780","320,000","Monthly EMI Tk 28,482", 1 reviews ,33.03.005.263,24GB,2TB SSD,Not Applicable,Shared,Apple M2,13.6
Apple MacBook Pro (Late 2021) Apple M1 Pro 14.2 Inch Liquid Retina XDR Display Space Gray Laptop #Z15G001WY / Z15G0018N,"340,690","315,000","Monthly EMI Tk 28,391", 1 reviews ,33.03.005.234,32GB,1TB SSD,Not Applicable,Shared,Apple M1,14.2
Asus ProArt StudioBook 16 H5600QM AMD Ryzen 9 5900HX 16 Inch 4K WQUXGA OLED Display Star Black Laptop #L2252W-H5600QM,"325,500","302,000","Monthly EMI Tk 27,125",,33.03.006.1610,32GB,1TB SSD,Not Applicable,6GB,Ryzen 9,16
Microsoft Surface Laptop Studio Intel Core i7 11370H 14.4 Inch Pixelsense Flow Multi Touch Display Platinum Surface Laptop #ABY-00001,"317,910","294,000","Monthly EMI Tk 26,493", 1 reviews ,33.03.191.308,32GB,1TB SSD,11th (Intel),4GB,Core i7,14.4
Microsoft Surface Laptop Studio Intel Core i7 11370H 14.4 Inch Pixelsense Flow Multi Touch Display Platinum Surface Laptop #AIC-00001,"318,990","296,000","Monthly EMI Tk 26,583", 14 reviews ,33.03.191.329,32GB,1TB SSD,11th (Intel),4GB,Core i7,14.4
Apple MacBook Pro (Late 2021) Apple M1 Pro Chip Silver Laptop #Z15J0022W,"314,650","292,000","Monthly EMI Tk 26,221", 1 reviews ,33.03.005.268,32GB,1TB SSD,Not Applicable,Shared,Apple M1,14.2
Apple MacBook Pro (Late 2021) Apple M1 Pro Chip 16.2 Inch Liquid Retina XDR Display Space Gray Laptop #Z14V0015W,"301,630","279,000","Monthly EMI Tk 25,136", 5 reviews ,33.03.005.270,16GB,1TB SSD,Not Applicable,Shared,Apple M1,16.2
Apple MacBook Pro (Late 2021) Apple M1 Pro 14.2 Inch Liquid Retina XDR Display Space Gray Laptop #Z15G001VR,"297,290","275,000","Monthly EMI Tk 24,774", 1 reviews ,33.03.005.252,16GB,1TB SSD,Not Applicable,Shared,Apple M1,14.2
Asus ProArt StudioBook 16 H5600QM AMD Ryzen 7 5800H 16 Inch WQUXGA OLED Display Star Black Laptop #L2253W-H5600QM,"296,210","275,000","Monthly EMI Tk 24,684",,33.03.006.1609,16GB,1TB SSD,Not Applicable,6GB,Ryzen 7,16
Asus ROG Strix G15 G513RM AMD Ryzen 7 6800H 15.6 Inch FHD Display Eclipse Gray Gaming Laptop #HF134W-G513RM,"233,280","218,000","Monthly EMI Tk 19,440", 1 reviews ,33.02.006.1507,16GB,512GB SSD,Not Applicable,6GB,Ryzen 7,15.6
Apple MacBook Pro (2022) Apple M2 Chip 13.3 Inch Retina Display Silver Laptop #Z16T0006K,"234,360","217,000","Monthly EMI Tk 19,530",,33.03.005.279,16GB,256GB,Not Applicable,Shared,Apple M2,13.3
Acer Nitro 5 AN515-58-74EF Intel Core i7 12700H 15.6 Inch QHD Display Obsidian Black Gaming Laptop #NH.QHYSI.001,"232,190","218,000","Monthly EMI Tk 19,349",,33.02.002.971,16GB,1TB SSD,12th (Intel),6GB,Core i7,15.6
"Apple MacBook Pro (Late 2021) Apple M1 Pro Chip 1TB SSD 14.2 Inch Liquid Retina XDR Display Silver Laptop #MKGT3LL/A, MKGT3ZP/A, MKGT3PA/A","308,140","285,000","Monthly EMI Tk 25,678", 1 reviews ,33.03.005.228,16GB,1TB SSD,Not Applicable,Shared,Apple M1,14.2
Acer Predator Helios 300 PH315 53 70PF Intel Core i7 10870H 15.6 Inch FHD Display Abyssal Black Gaming Laptop,"233,280","216,000","Monthly EMI Tk 19,440", 1 reviews ,33.02.002.916,16GB,1TB SSD,10th (Intel),8GB,Core i7,15.6
Apple MacBook Pro (2022) Apple M2 Chip 13.3 Inch Retina Display Space Gray Laptop #Z16S4LL/A (CTO),"234,900","217,000","Monthly EMI Tk 19,575",,33.03.005.278,16GB,512GB SSD,Not Applicable,Shared,Apple M2,13.3
"Microsoft Surface Pro 7+ Wi-Fi Intel Core i7 1165G7 12.3 Inch PixelSense MultiTouch Display Platinum 2-in-1 Detachable Laptop #1ND-00001, 1YK-00001","188,790","175,000","Monthly EMI Tk 15,733", 2 reviews ,33.03.191.237,16GB,512GB SSD,11th (Intel),Shared,Core i7,12.3
Acer Predator Helios 300 PH315 53 703U Intel Core i7 10870H 15.6 Inch FHD Display Abyssal Black Gaming Laptop,"188,790","175,000","Monthly EMI Tk 15,733", 2 reviews ,33.02.002.914,16GB,1TB HDD+256GB SSD,10th (Intel),6GB,Core i7,15.6
Lenovo Yoga Slim 7i Carbon 13ITL5 Intel Core i7 1165G7 13.3 Inch QHD WQXGA IPS Display Moon White Laptop #82EV008KIN-3Y,"190,960","177,000","Monthly EMI Tk 15,913",,33.03.200.1038,16GB,1TB SSD,11th (Intel),Shared,Core i7,13.3
Lenovo Yoga Slim 7i Carbon 13ITL5 Intel Core i7 1165G7 1TB SSD 13.3 Inch QHD IPS Display Moon White Laptop #82EV00AFIN-3Y,"190,960","177,000","Monthly EMI Tk 15,913",,33.03.200.1042,16GB,1TB SSD,11th (Intel),Shared,Core i7,13.3
Apple MacBook Air (2022) Apple M2 Chip 10-Core GPU 13.6 Inch Liquid Retina Display Midnight MacBook #MLY43LL/A / MLY43ZP/A,"187,710","174,000","Monthly EMI Tk 15,643", 1 reviews ,33.03.005.246,8GB,512GB,Not Applicable,Shared,Apple M2,13.6
MSI Delta 15 A5EFK-085BD Ryzen 7 5800H 15.6 Inch FHD Display Black Gray Laptop,"189,770","174,900","Monthly EMI Tk 15,814", 1 reviews ,33.02.033.1201,16GB,512GB SSD,Not Applicable,10GB,Ryzen 7,15.6
Apple MacBook Air (2022) Apple M2 Chip 512GB SSD 13.6 Inch Liquid Retina Display Space Gray MacBook #MLXX3LL/A / MLXX3ZP/A,"187,710","174,000","Monthly EMI Tk 15,643", 1 reviews ,33.03.005.243,8GB,512GB SSD,Not Applicable,Shared,Apple M2,13.6
Microsoft Surface Laptop 4 Intel Core i7 1185G7 512GB SSD 13.5 Inch Pixelsense Multi Touch Display Matte Black Metal Surface Laptop #5EB-00077,"187,710","174,000","Monthly EMI Tk 15,643", 1 reviews ,33.03.191.312,16GB,512GB SSD,11th (Intel),Shared,Core i7,13.5
Microsoft Surface Laptop 4 Intel Core i7 1185G7 15 Inch Pixelsense Multi Touch Display Platinum Metal Surface Laptop #5IM-00057,"187,710","174,000","Monthly EMI Tk 15,643", 1 reviews ,33.03.191.310,16GB,512GB SSD,11th (Intel),Shared,Core i7,15
Microsoft Surface Laptop 4 Intel Core i7 1185G7 15 Inch Pixelsense Multi Touch Display Matte Black Surface Laptop #5IM-00001,"187,710","174,000","Monthly EMI Tk 15,643", 1 reviews ,33.03.191.234,16GB,512GB SSD,11th (Intel),Shared,Core i7,15
Asus ZenBook Duo UX482EA Intel Core i7 1165G7 14 Inch FHD Display Celestial Blue Laptop #HY400W-UX482EA,"187,710","174,000","Monthly EMI Tk 15,643", 1 reviews ,33.03.006.1580,16GB,512GB SSD,11th (Intel),Shared,Core i7,14
Apple MacBook Air (Late 2020) Apple M1 Chip 512GB SSD 13.3 Inch Retina Display Space Gray MacBook #Z124000AM,"183,910","170,000","Monthly EMI Tk 15,326", 1 reviews ,33.03.005.235,16GB,512GB SSD,Not Applicable,Shared,Apple M1,13.3
Microsoft Surface Laptop 4 Intel Core i7 1185G7 13.5 Inch Pixelsense Multi Touch Display Platinum Alcantara Surface Laptop #5EB-00035,"187,710","174,000","Monthly EMI Tk 15,643",,33.03.191.323,16GB,512GB SSD,11th (Intel),Shared,Core i7,13.5
MSI Creator M16 A12UC Intel Core i7 12700H 16 Inch QHD Display Lunar Gray Gaming Laptop #A12UC-808BD-BB71270H16GXXDX11EMH,"181,200","168,000","Monthly EMI Tk 15,100",,33.02.033.1228,16GB,512GB SSD,12th (Intel),4GB,Core i7,16
Microsoft Surface Laptop 5 Intel Core i5 1245U 13.5 Inch Pixelsense Multi Touch Display Sage Laptop #R8P-00047,"179,030","166,000","Monthly EMI Tk 14,919",,33.03.191.318,16GB,512GB SSD,12th (Intel),Shared,Core i5,13.5
Microsoft Surface Laptop 5 Intel Core i5 1235U 13.5 Inch Pixelsense Multi Touch Display Platinum Alcantara Surface Laptop #R8N-00001,"179,030","166,000","Monthly EMI Tk 14,919", 12 reviews ,33.03.191.331,16GB,512GB SSD,12th (Intel),Shared,Core i5,13.5
Microsoft Surface Laptop 4 Intel Core i7 1185G7 15 Inch Pixelsense Multi Touch Display Platinum Surface Laptop #5L1-00024,"171,970","159,000","Monthly EMI Tk 14,331", 1 reviews ,33.03.191.227,8GB,512GB SSD,11th (Intel),Shared,Core i7,15
HP Elite Dragon Fly G2 Intel Core i5 1135G7 13.3 Inch FHD Touch Display Blue Laptop #25W55AV-3Y,"173,600","161,000","Monthly EMI Tk 14,467", 1 reviews ,33.03.020.1413,8GB,512GB SSD,11th (Intel),Shared,Core i5,13.3
Asus TUF Gaming F15 FX506HE Intel Core i7 11800H 15.6 Inch FHD WV Display Graphite Black Gaming Laptop #HN309W-FX506HE,"173,600","162,000","Monthly EMI Tk 14,467", 1 reviews ,33.02.006.1597,8GB,512GB SSD,11th (Intel),4GB,Core i7,15.6
Apple MacBook Air (2022) Apple M2 Chip 13.6 Inch Liquid Retina Display Silver MacBook #MLY03LL/A / MLY03ZP/A,"187,710","174,000","Monthly EMI Tk 15,643", 1 reviews ,33.03.005.244,8GB,512GB SSD,Not Applicable,Shared,Apple M2,13.6
Hp Elitebook 830 G8 11th Gen Intel Core i7 1165G7 13.3 Inch FHD Display Silver Laptop #6A3M7AV-3Y,"173,600","162,000","Monthly EMI Tk 14,467", 1 reviews ,33.03.020.1475,16GB,512GB SSD,11th (Intel),Shared,Core i7,13.3
Microsoft Surface Laptop 4 Intel Core i7 1185G7 15 Inch Pixelsense Multi Touch Display Matte Black Surface Laptop #5IF-00001,"171,430","159,000","Monthly EMI Tk 14,286", 1 reviews ,33.03.191.265,16GB,256GB SSD,11th (Intel),Shared,Core i7,15
Apple MacBook Air (Late 2020) Apple M1 Chip 13.3 Inch Retina Display Space Gray MacBook #Z124000AL,"168,720","156,000","Monthly EMI Tk 14,060", 1 reviews ,33.03.005.236,16GB,256GB,Not Applicable,Shared,Apple M1,13.3
Asus ZenBook 14X OLED UX5401EA Intel 1165G7 14 Inch 2.8K OLED WQHD Touch Display Pine Grey Laptop #KN135W-UX5401EA,"167,090","157,000","Monthly EMI Tk 13,924", 1 reviews ,33.03.006.1541,16GB,512GB SSD,11th (Intel),Shared,Core i7,14
Microsoft Surface Pro 8 Intel Core i7 1185G7 13 Inch Multi Touch Display Platinum Laptop #8PV-00001,"167,090","155,000","Monthly EMI Tk 13,924", 1 reviews ,33.03.191.271,16GB,256GB SSD,11th (Intel),Shared,Core i7,13
Asus VivoBook Pro 15 M3500QC AMD Ryzen 7 5800H 15.6 Inch FHD OLED Display Quiet Blue Laptop #L1373W-M3500QC,"160,580","150,000","Monthly EMI Tk 13,382",,33.01.006.1594,16GB,512GB SSD,Not Applicable,4GB,Ryzen 7,15.6
Microsoft Surface Pro 8 Intel Core i5 1135G7 13 Inch Pixelsense Flow Multi Touch Display Platinum 2-in-1 Detachable Laptop (Type Cover is sold separately) #8PU-00001 / EBI-00001,"159,500","148,000","Monthly EMI Tk 13,292", 1 reviews ,33.03.191.316,16GB,256GB SSD,11th (Intel),Shared,Core i5,13
Acer Nitro 5 AN515-46-R3U8 AMD 15.6 Inch QHD Display Obsidian Black Gaming Laptop #NH.QH2SI.005,"160,580","148,000","Monthly EMI Tk 13,382",,33.02.002.972,8GB,1TB SSD,Not Applicable,4GB,Ryzen 5,15.6
Asus VivoBook Pro 15 M3500QC AMD Ryzen 7 5800H 15.6 Inch FHD WV Display Quiet Blue Laptop #KJ374W/KJ434W-M3500QC,"155,160","145,000","Monthly EMI Tk 12,930",,33.01.006.1514,16GB,512GB SSD,Not Applicable,4GB,Ryzen 7,15.6
Asus VivoBook S 16X M5602RA AMD Ryzen 7 6800H 16 Inch Display Sand Grey Laptop #M5602RA-L2027W,"159,500","149,000","Monthly EMI Tk 13,292", 12 reviews ,33.01.006.1640,16GB,512GB SSD,Not Applicable,Shared,Ryzen 7,16
Microsoft Surface Laptop 4 Intel Core i5 1135G7 13.5 Inch Pixelsense Multi Touch Display Platinum Laptop #5AI-00085,"156,240","145,000","Monthly EMI Tk 13,020",,33.03.191.322,16GB,512GB SSD,11th (Intel),Shared,Core i5,13.5
Microsoft Surface Laptop 4 Intel Core i5 1135G7 13.5 Inch Pixelsense Multi Touch Display Ice Blue Alcantara Surface Laptop #5BV-00024,"148,100","137,000","Monthly EMI Tk 12,342", 1 reviews ,33.03.191.224,8GB,512GB SSD,11th (Intel),Shared,Core i5,13.5
Microsoft Surface Laptop 4 Intel Core i7 1185G7 15 Inch Pixelsense Multi Touch Display Platinum Surface Laptop (5JI-00001),"149,730","139,000","Monthly EMI Tk 12,478", 1 reviews ,33.03.191.304,8GB,256GB SSD,11th (Intel),Shared,Core i7,15
Microsoft Surface Pro 8 Intel Core i5 1145G7 13 Inch PixelSense Flow MultiTouch Display Graphite Laptop #EBQ-00016,"149,730","139,000","Monthly EMI Tk 12,478",,33.03.191.324,8GB,512GB SSD,11th (Intel),Shared,Core i5,13
Microsoft Surface Laptop 4 Intel Core i5 1135G7 13.5 Inch Pixelsense Multi Touch Display Matte Black Metal Surface Laptop #5BV-00001,"148,100","137,000","Monthly EMI Tk 12,342", 2 reviews ,33.03.191.253,8GB,512GB SSD,11th (Intel),Shared,Core i5,13.5
Microsoft Surface Laptop 4 Intel Core i5 1135G7 13.5 Inch Multi Touch Display Platinum Alcantara Surface Laptop #5BT-00035,"148,100","137,000","Monthly EMI Tk 12,342", 1 reviews ,33.03.191.281,8GB,512GB SSD,11th (Intel),Shared,Core i5,13.5
Microsoft Surface Laptop 4 Intel Core i5 1135G7 13.5 Inch Multi Touch Display Matte Black Metal Surface Laptop #5BT-00077,"148,100","137,000","Monthly EMI Tk 12,342", 12 reviews ,33.03.191.327,8GB,512GB SSD,11th (Intel),Shared,Core i5,13.5
Asus VivoBook Pro 15 M3500QC AMD Ryzen 5 5600H 15.6 Inch FHD WV Display Quiet Blue Laptop #KJ376W/KJ435W-M3500QC,"144,310","135,000","Monthly EMI Tk 12,026", 1 reviews ,33.01.006.1477,16GB,512GB SSD,Not Applicable,4GB,Ryzen 5,15.6
Dell Inspiron 16 5620 Intel Core i7 1255U 16 Inch FHD+ Display Platinum Silver Laptop #ODINN516ADL23016004-2Y,"141,050","131,000","Monthly EMI Tk 11,754",,33.01.013.1631,16GB,512GB SSD,12th (Intel),2GB,Core i7,16
Asus VivoBook S 16X S5602ZA Intel Core i5 12500H 16 Inch WQXGA Display Midnight Black Laptop #KV100W-S5602ZA,"138,880","130,000","Monthly EMI Tk 11,573", 1 reviews ,33.01.006.1602,16GB,512GB SSD,12th (Intel),Shared,Core i5,16
Asus VivoBook Pro 15 M3500QC AMD Ryzen 9 5900HX 15.6 Inch FHD WV Display Quiet Blue Laptop #KJ371W/KJ433W-M3500QC,"169,260","158,000","Monthly EMI Tk 14,105",,33.01.006.1608,16GB,512GB SSD,Not Applicable,4GB,Ryzen 9,15.6
Microsoft Surface Pro 8 Intel Core i5 13 Inch Platinum Laptop # 8PQ-00001,"138,880","129,000","Monthly EMI Tk 11,573", 2 reviews ,33.03.191.254,8GB,256GB SSD,11th (Intel),Shared,Core i5,13
Microsoft Surface Pro 8 Intel Core i5 1135G7 13 Inch Pixelsense Flow Multi Touch Detachable Display Graphite Laptop #8PQ-00027 / 8PQ-00028 / 8PQ-00017 / DR1-00003 / DR1-00005,"138,880","129,000","Monthly EMI Tk 11,573", 1 reviews ,33.03.191.272,8GB,256GB SSD,11th (Intel),Shared,Core i5,13
Asus VivoBook S 16X M5602RA AMD Ryzen 7 6800H 16 Inch Display Midnight Black Laptop #M5602RA-L2028W,"159,500","149,000","Monthly EMI Tk 13,292", 12 reviews ,33.01.006.1641,16GB,512GB SSD,Not Applicable,Shared,Ryzen 7,16
Asus VivoBook 15 K513EQ Intel Core i7 1165G7 15.6 Inch FHD OLED Display Hearty Gold Laptop #L1598W-K513EQ,"126,950","119,000","Monthly EMI Tk 10,579", 1 reviews ,33.01.006.1576,8GB,512GB SSD,11th (Intel),2GB,Core i7,15.6
Asus VivoBook S15 S513EQ Intel 1165G7 15.6 Inch FHD OLED Display Indie Black Laptop #L1732W/L1660W-S513EQ,"126,950","119,000","Monthly EMI Tk 10,579", 1 reviews ,33.01.006.1539,8GB,512GB SSD,11th (Intel),2GB,Core i7,15.6
Asus ZenBook 14X OLED UX5401EA Intel Core i5 1135G7 14 Inch 2.8K OLED WQHD Touch Display Pine Grey Laptop #KN146W-UX5401EA,"126,950","119,000","Monthly EMI Tk 10,579", 1 reviews ,33.03.006.1585,8GB,512GB SSD,11th (Intel),Shared,Core i5,14
Lenovo IdeaPad Slim 5i Pro 16ITL-6 Intel Core i5 11300H 16 Inch 2.5K WQXGA IPS Display Storm Grey Laptop #82L9009YIN-3Y,"130,200","121,000","Monthly EMI Tk 10,850", 1 reviews ,33.01.200.1004,16GB,512GB SSD,11th (Intel),2GB,Core i5,16
Asus VivoBook S 16X S5602ZA Intel Core i5 12500H 16 Inch WQXGA Display Sandy Grey Laptop #KV099W-S5602ZA,"138,880","130,000","Monthly EMI Tk 11,573", 1 reviews ,33.01.006.1601,16GB,512GB SSD,12th (Intel),Shared,Core i5,16
Microsoft Surface Pro 8 Intel Core i5 1135G7 13 Inch Pixelsense Flow Multi Touch Display Graphite 2-in-1 Detachable Laptop #IUS-00001,"149,730","139,000","Monthly EMI Tk 12,478",,33.03.191.319,8GB,256GB SSD,11th (Intel),Shared,Core i5,13
MSI GF63 Thin 11UC Intel Core i5 11400H 15.6 Inch FHD Display 8GB RAM Black Gaming Laptop #9S7-16R612-025 / 9S7-16R612-688,"128,030","118,500","Monthly EMI Tk 10,669", 1 reviews ,33.02.033.1193,8GB,512GB SSD,11th (Intel),4GB,Core i5,15.6
Asus ZenBook 14 UM425UA AMD Ryzen 7 5700U 14 Inch FHD WV Display Pine Grey Laptop #KI321W/KI241W-UM425UA,"121,520","113,000","Monthly EMI Tk 10,127", 2 reviews ,33.03.006.1578,16GB,512GB SSD,Not Applicable,Shared,Ryzen 7,14
Asus VivoBook 14 K413EQ Intel 1165G7 14 Inch FHD WV Display Hearty Gold Laptop #AM565W-K413EQ,"122,610","115,000","Monthly EMI Tk 10,218", 1 reviews ,33.01.006.1556,16GB,512GB SSD,11th (Intel),2GB,Core i7,14
Asus VivoBook 15 K513EQ Intel Core i5 1135G7 15.6 Inch FHD WV Display Hearty Gold Laptop #BN723W-K513EQ,"121,520","113,000","Monthly EMI Tk 10,127", 12 reviews ,33.01.006.1666,8GB,512GB,11th (Intel),2GB,Core i5,15.6
Asus VivoBook Pro 15 K3500PA 11th Gen Intel Core i7 11370H 15.6 Inch FHD Display Quiet Blue Laptop #KJ137T-K3500PA,"122,610","115,000","Monthly EMI Tk 10,218", 1 reviews ,33.01.006.1415,8GB,512GB SSD,11th (Intel),Shared,Core i7,15.6
Acer Aspire 7 A715-51G-53AY Intel Core i5 1240P 15.6 Inch FHD Display Charcoal Black Gaming Laptop #NH.QGCSI.001,"120,440","112,000","Monthly EMI Tk 10,037",,33.02.002.974,8GB,512GB SSD,12th (Intel),4GB,Core i5,15.6
Asus VivoBook 15 X513EP Intel Core i7 1165G7 15.6 Inch FHD WV Display Bespoke Black Laptop #BQ896W-X513EP,"119,350","112,000","Monthly EMI Tk 9,946", 14 reviews ,33.01.006.1664,8GB,256GB SSD,11th (Intel),2GB,Core i7,15.6
Dell Inspiron 13 5310 Intel Core i7 11370H 13.3 Inch QHD+ Display Silver Laptop #MOONN513TGL22012000-2Y,"118,270","109,900","Monthly EMI Tk 9,856", 1 reviews ,33.01.013.1538,8GB,512GB SSD,11th (Intel),Shared,Core i7,13.3
Asus VivoBook 15 X513EP Intel Core i7 1165G7 15.6 Inch FHD WV Display Cobalt Blue Laptop #BQ897W-X513EP,"120,440","112,000","Monthly EMI Tk 10,037", 12 reviews ,33.01.006.1665,8GB,512GB SSD,11th (Intel),2GB,Core i7,15.6
Gigabyte Gaming G5 GD Intel Core i5 11400H 15.6 Inch FHD IPS AntiGlare Display Matte Black Gaming Laptop,"119,350","110,500","Monthly EMI Tk 9,946", 3 reviews ,33.02.018.76,16GB,512GB SSD,11th (Intel),4GB,Core i5,15.6
HP ProBook 440 G8 Intel 1165G7 512GB SSD 14 Inch FHD Display Silver Laptop #464N2AV / 2Q531AV-3Y,"117,180","109,000","Monthly EMI Tk 9,765", 1 reviews ,33.01.020.1450,8GB,512GB SSD,11th (Intel),Shared,Core i7,14
Asus VivoBook Pro 15 K3500PH Intel Core i5 11300H 15.6 Inch FHD Display Quiet Blue Laptop #KJ242W-K3500PH,"126,950","119,000","Monthly EMI Tk 10,579",,33.01.006.1607,16GB,512GB SSD,11th (Intel),4GB,Core i5,15.6
Asus ZenBook 14 UX425EA Intel Core i5 1135G7 14 Inch FHD WV Display Pine Grey Laptop #KI355W-UX425EA,"116,100","109,000","Monthly EMI Tk 9,675", 1 reviews ,33.03.006.1604,8GB,512GB SSD,11th (Intel),Shared,Core i5,14
Asus VivoBook 14 K413EQ Intel 1165G7 14 Inch FHD WV Display Indie Black Laptop #AM566W-K413EQ,"122,610","115,000","Monthly EMI Tk 10,218", 1 reviews ,33.01.006.1557,16GB,512GB SSD,11th (Intel),2GB,Core i7,14
Microsoft Surface Laptop 4 AMD Ryzen 5 4680U 13.5 Inch Pixelsense Multi Touch Display Platinum Alcantara Surface Laptop #5M8-00022,"113,930","107,000","Monthly EMI Tk 9,494",,33.03.191.317,8GB,128GB SSD,Not Applicable,Shared,Ryzen 5,13.5
Asus VivoBook S15 S513EQ Intel 1135G7 15.6 Inch FHD OLED Indie Black Laptop #L1734W/L1662W-S513EQ,"108,500","102,500","Monthly EMI Tk 9,042", 1 reviews ,33.01.006.1540,8GB,512GB SSD,11th (Intel),2GB,Core i5,15.6
Asus VivoBook 15 K513EQ Intel Core i5 1135G7 15.6 Inch FHD OLED Display Indie Black Laptop #L1724W-K513EQ,"110,670","103,000","Monthly EMI Tk 9,223", 13 reviews ,33.01.006.1663,8GB,512GB SSD,11th (Intel),2GB,Core i5,15.6
Asus VivoBook 15 K513EQ Intel Core i5 1135G7 15.6 Inch FHD OLED Display Hearty Gold Laptop #L1667W-K513EQ,"110,670","103,000","Monthly EMI Tk 9,223", 13 reviews ,33.01.006.1662,8GB,512GB SSD,11th (Intel),2GB,Core i5,15.6
Asus VivoBook 15 K513EQ Intel Core i5 1135G7 15.6 Inch FHD OLED Display Indie Black Laptop #L1597W-K513EQ,"110,670","103,000","Monthly EMI Tk 9,223", 1 reviews ,33.01.006.1573,8GB,512GB SSD,11th (Intel),2GB,Core i5,15.6
Asus VivoBook 15 K513EQ Intel Core i5 1135G7 15.6 Inch FHD OLED Display Hearty Gold Laptop #L1596W-K513EQ,"109,590","103,000","Monthly EMI Tk 9,133", 1 reviews ,33.01.006.1574,8GB,512GB SSD,11th (Intel),2GB,Core i5,15.6
Asus VivoBook 15 K513EQ Intel Core i5 1135G7 15.6 Inch FHD OLED Display Hearty Gold Laptop #L1434T-K513EQ,"109,590","103,000","Monthly EMI Tk 9,133", 1 reviews ,33.01.006.1496,8GB,512GB SSD,11th (Intel),2GB,Core i5,15.6
Lenovo IdeaPad Gaming 3i 15IHU Intel Core i5 11300H 15.6 Inch FHD IPS Display Shadow Black Gaming Laptop #82K100PTIN-3Y,"117,180","108,000","Monthly EMI Tk 9,765", 1 reviews ,33.02.200.999,8GB,512GB SSD,11th (Intel),4GB,Core i5,15.6
Asus VivoBook S15 S513EQ Intel 1135G7 15.6 Inch FHD OLED Display Hearty Gold Laptop #L1661W-S513EQ,"109,040","102,500","Monthly EMI Tk 9,087", 1 reviews ,33.01.006.1537,8GB,512GB SSD,11th (Intel),2GB,Core i5,15.6
Dell Inspiron 15 5510 Intel Core i7 11370H 15.6 Inch FHD Display Silver Laptop #CYBORGN515TGL22014110-2Y,"108,500","101,000","Monthly EMI Tk 9,042", 1 reviews ,33.01.013.1558,8GB,512GB SSD,11th (Intel),Shared,Core i7,15.6
Asus VivoBook 14X X1403ZA 12th Gen Intel Core i5 12500H 14 Inch Display Quiet Blue Laptop #X1403ZA-KM043W,"108,500","102,000","Monthly EMI Tk 9,042", 12 reviews ,33.01.006.1645,8GB,512GB SSD,12th (Intel),Shared,Core i5,14
Huawei MateBook D 16 Intel Core i5 12450H 16 Inch FHD+ Display Silver Laptop,"106,870","99,000","Monthly EMI Tk 8,906",,33.03.487.10,16GB,512GB SSD,12th (Intel),Shared,Core i5,16
Asus VivoBook 15 K513EQ Intel Core i5 1135G7 15.6 Inch FHD LED Display Hearty Gold Laptop #BN429T-K513EQ,"100,910","94,500","Monthly EMI Tk 8,409", 1 reviews ,33.01.006.1448,8GB,512GB SSD,11th (Intel),2GB,Core i5,15.6
Dell Inspiron 15 3511 Intel Core i7 1165G7 512GB SSD 15.6 Inch FHD Display Platinum Silver Laptop,"107,960","99,900","Monthly EMI Tk 8,997",,33.01.013.1636,8GB,512GB SSD,11th (Intel),2GB,Core i7,15.6
Asus VivoBook S15 S513EA Intel Core i5 1135G7 15.6 Inch FHD OLED Display Indie Black Laptop #L13074W-S513EA,"104,160","98,000","Monthly EMI Tk 8,680", 1 reviews ,33.01.006.1567,8GB,512GB SSD,11th (Intel),Shared,Core i5,15.6
Acer Aspire 7 A715-51G-527C Intel Core i5 1240P 15.6 Inch FHD Display Charcoal Black Gaming Laptop #NH.QGBSI.003,"105,790","98,000","Monthly EMI Tk 8,816",,33.02.002.973,8GB,512GB SSD,12th (Intel),4GB,Core i5,15.6
Lenovo ThinkBook 14 G2 ITL Intel Core i7 1165G7 14 Inch FHD Display Mineral Grey Laptop #20VD01ALIN-3Y,"107,420","99,500","Monthly EMI Tk 8,952", 1 reviews ,33.01.200.996,16GB,512GB SSD,11th (Intel),Shared,Core i7,14
Asus VivoBook 15 K513EQ Intel Core i5 1135G7 15.6 Inch FHD WV Display Indie Black Laptop #BN592W/BN721W-K513EQ,"100,910","94,500","Monthly EMI Tk 8,409", 1 reviews ,33.01.006.1571,8GB,512GB SSD,11th (Intel),2GB,Core i5,15.6
Asus VivoBook S15 S513EQ 11th Gen Intel Core i5 1135G7 15.6 Inch FHD OLED Display Gold Laptop #L1733W-S513EQ,"107,960","100,000","Monthly EMI Tk 8,997", 1 reviews ,33.01.006.1559,8GB,512GB SSD,11th (Intel),2GB,Core i5,15.6
Asus VivoBook 15 K513EQ Intel Core i5 1135G7 15.6 Inch FHD WV Display Transparent Silver Laptop #BN593W/BN722W-K513EQ,"100,910","94,500","Monthly EMI Tk 8,409", 1 reviews ,33.01.006.1572,8GB,512GB SSD,11th (Intel),2GB,Core i5,15.6
HP Pavilion X360 Convertible 14-dy1290TU Intel1155G7 14 Inch FHD Display Silver Laptop #572V5PA-3Y,"99,820","93,000","Monthly EMI Tk 8,318", 1 reviews ,33.03.020.1442,8GB,512GB SSD,11th (Intel),Shared,Core i5,14
HP 15s-fq4456TU Intel Core i7 1195G7 15.6 Inch FHD IPS Display Silver Laptop #5B7U6PA-2Y,"98,740","92,000","Monthly EMI Tk 8,228", 3 reviews ,33.01.020.1385,8GB,512GB SSD,11th (Intel),Shared,Core i7,15.6
Lenovo IdeaPad Slim 5 Pro 14ACN6 AMD Ryzen 5 5600U 14 Inch 2.2K IPS Antiglare Display Storm Grey Laptop #82L700B1IN-2Y,"99,820","93,000","Monthly EMI Tk 8,318", 1 reviews ,33.01.200.976,16GB,512GB SSD,Not Applicable,Shared,Ryzen 5,14
Lenovo ThinkBook 15 G2 ITL Intel Core i5 1135G7 15.6 Inch FHD Display Mineral Grey Laptop #20VE015VIN-3Y,"97,650","90,900","Monthly EMI Tk 8,138",,33.01.200.1039,8GB,512GB SSD,11th (Intel),Shared,Core i5,15.6
Asus VivoBook 15 X1502ZA Intel Core i5 1240P 15.6 Inch FHD LED Display Icelight Silver Laptop #X1502ZA-BQ331W,"93,310","88,000","Monthly EMI Tk 7,776", 12 reviews ,33.01.006.1652,8GB,512GB SSD,12th (Intel),Shared,Core i5,15.6
Asus VivoBook 14 X1402ZA Intel Core i5 1240P 14 Inch FHD WV Display Terra Cotta Laptop #X1402ZA-EB115W,"93,310","88,000","Monthly EMI Tk 7,776", 12 reviews ,33.01.006.1647,8GB,512GB SSD,12th (Intel),Shared,Core i5,14
HP ProBook 440 G8 11th Gen Intel Core i5 1135G7 14 Inch FHD Display Silver Laptop #61G03AV-3Y,"93,310","87,000","Monthly EMI Tk 7,776", 1 reviews ,33.01.020.1455,8GB,512GB SSD,11th (Intel),Shared,Core i5,14
Asus VivoBook 14 X1402ZA Intel Core i5 1240P 14 Inch FHD LED Display Quiet Blue Laptop #X1402ZA-EB074W,"93,310","88,000","Monthly EMI Tk 7,776", 12 reviews ,33.01.006.1651,8GB,512GB SSD,12th (Intel),Shared,Core i5,14
Asus VivoBook 15 X1502ZA 12th Gen Intel Core i5 1240P 15.6 Inch FHD LED Display Quiet Blue Laptop #X1502ZA-BQ201W,"93,310","88,000","Monthly EMI Tk 7,776", 15 reviews ,33.01.006.1648,8GB,512GB SSD,12th (Intel),Shared,Core i5,15.6
Dell Latitude 14-3420 Intel Core i5 1135G7 14 Inch FHD Display Black Laptop,"93,310","87,000","Monthly EMI Tk 7,776", 1 reviews ,33.01.013.1523,8GB,512GB SSD,11th (Intel),Shared,Core i5,14
Dell Inspiron 15 5510 Intel Core i5 11300H 15.6 Inch FHD Display Mist Blue Laptop #CYBORGN515TGL22016005-2Y,"93,310","86,500","Monthly EMI Tk 7,776", 1 reviews ,33.01.013.1557,8GB,512GB SSD,11th (Intel),Shared,Core i5,15.6
Dell Vostro 15 3510 Intel Core i5 1135G7 15.6 Inch FHD Display Grey Laptop #WARLOCKV15TGL22058064-3Y,"93,310","86,900","Monthly EMI Tk 7,776", 1 reviews ,33.01.013.1603,8GB,512GB SSD,11th (Intel),2GB,Core i5,15.6
Dell Inspiron 15 5510 Intel Core i5 11300H 15.6 Inch FHD Display Silver Laptop #CYBORGN515TGL22016005-2Y,"93,310","86,500","Monthly EMI Tk 7,776", 1 reviews ,33.01.013.1556,8GB,512GB SSD,11th (Intel),Shared,Core i5,15.6
Dell Inspiron 15 5510 11th Gen Intel Core i5 11320H 15.6 Inch FHD Display Platinum Silver  Laptop #CYBORGN515TGL22016005C,"92,230","86,000","Monthly EMI Tk 7,686",,33.01.013.1551,8GB,512GB SSD,11th (Intel),Shared,Core i5,15.6
Dell Vostro 14 3400 11th Gen Intel Core i7 1165G7 14 Inch FHD Display Black Laptop,"90,060","84,000","Monthly EMI Tk 7,505", 12 reviews ,33.01.013.1640,8GB,512GB SSD,11th (Intel),2GB,Core i7,14
Dell Inspiron 15 3525 AMD Ryzen 7 5825U 15.6 Inch FHD Display Platinum Silver Laptop #WARMLKN315AMD2301106-2Y,"92,230","86,000","Monthly EMI Tk 7,686",,33.01.013.1633,8GB,512GB SSD,Not Applicable,Shared,Ryzen 7,15.6
Asus VivoBook 14 K413EA Intel Core i5 1135G7 14 Inch FHD WV Display Hearty Gold Laptop #AM2392W-K413EA,"90,600","84,000","Monthly EMI Tk 7,550", 1 reviews ,33.01.006.1552,16GB,512GB SSD,11th (Intel),Shared,Core i5,14
Lenovo K14 11th Gen Intel Core i5 1135G7 14 Inch FHD Display Black Laptop,"91,140","85,000","Monthly EMI Tk 7,595",,33.01.200.1033,8GB,512GB SSD,11th (Intel),Shared,Core i5,14
MSI Modern 14 B5M AMD Ryzen 7 5700U 8GB RAM 14 Inch FHD IPS Display Carbon Gray Laptop #9S7-14DL24-246,"91,140","84,500","Monthly EMI Tk 7,595", 14 reviews ,33.01.033.1240,8GB,512GB SSD,Not Applicable,Shared,Ryzen 7,14
Acer TravelMate P214-53-72WA Intel Core i7 1165G7 14 Inch FHD Display Shale Black Laptop #NX.VPLSI.00X,"91,680","84,900","Monthly EMI Tk 7,640",,33.01.002.966,8GB,512GB SSD,11th (Intel),Shared,Core i7,14
HP Pavilion 13-bb0787TU Intel Core i5 1135G7 FHD Display Ceramic White Laptop #536B3PA-3Y,"90,060","83,500","Monthly EMI Tk 7,505", 1 reviews ,33.01.020.1427,8GB,512GB SSD,11th (Intel),Shared,Core i5,13.3
Asus VivoBook 14 K413EA Intel 1135G7 14 Inch FHD WV Indie Black Laptop #AM2393W-K413EA,"90,600","84,000","Monthly EMI Tk 7,550", 1 reviews ,33.01.006.1553,16GB,512GB SSD,11th (Intel),Shared,Core i5,14
Lenovo ThinkBook 14 G2 ITL Intel Core i5 1135G7 14 Inch FHD Display Mineral Grey Laptop #20VD01A3IN-3Y,"90,060","83,500","Monthly EMI Tk 7,505", 1 reviews ,33.01.200.995,8GB,512GB SSD,11th (Intel),Shared,Core i5,14
Lenovo ThinkPad E14 Gen 2 Intel Core i5 1135G7 14 Inch FHD Display Black Laptop #20TBS2W100-3Y,"90,060","83,500","Monthly EMI Tk 7,505", 1 reviews ,33.01.200.974,8GB,512GB SSD,11th (Intel),Shared,Core i5,14
Lenovo IdeaPad Slim 5i 14ITL Intel Core i5 1135G7 14 Inch FHD IPS Antiglare Display Graphite Grey Laptop #82FE00UBIN-2Y,"90,060","83,500","Monthly EMI Tk 7,505", 1 reviews ,33.01.200.915,8GB,512GB SSD,11th (Intel),2GB,Core i5,14
Asus VivoBook S15 S513EA Intel Core i5 1135G7 15.6 Inch FHD OLED Display Hearty Gold Laptop #L13073W-S513EA,"88,970","83,000","Monthly EMI Tk 7,414", 1 reviews ,33.01.006.1566,8GB,512GB SSD,11th (Intel),Shared,Core i5,15.6
Dell Inspiron 15 3511 Intel Core i5 1135G7 8GB Ram 15.6 Inch FHD Display Platinum Silver Laptop,"88,970","83,000","Monthly EMI Tk 7,414", 1 reviews ,33.01.013.1619,8GB,512GB SSD,11th (Intel),2GB,Core i5,15.6
MSI Modern 15 B12M Intel Core i5 1235U 15.6 Inch FHD IPS Display Classic Black Laptop #B12M-039BD-BB51235U8GXXDX11EM,"89,510","83,000","Monthly EMI Tk 7,459", 1 reviews ,33.01.033.1222,8GB,512GB SSD,12th (Intel),Shared,Core i5,15.6
Acer Aspire 7 A715-42G-R2NE AMD Ryzen 5 5500U 15.6 Inch FHD Display Charcoal Black Laptop #NH.QAYSI.004,"100,360","93,000","Monthly EMI Tk 8,363", 1 reviews ,33.01.002.961,8GB,512GB SSD,Not Applicable,4GB,Ryzen 5,15.6
Lenovo IdeaPad Slim 5i 15ITL Intel Core i5 1135G7 15.6 Inch FHD IPS Display Platinum Grey Laptop #82FG015FIN-2Y,"88,210","81,300","Monthly EMI Tk 7,351", 1 reviews ,33.01.200.916,8GB,1TB HDD+256GB SSD,11th (Intel),2GB,Core i5,15.6
HP Pavilion Aero 13-be0216AU AMD Ryzen 5 5600U 13.3 Inch 4K UHD Display Rose Gold Laptop #552J3PA-3Y,"91,140","85,000","Monthly EMI Tk 7,595", 1 reviews ,33.01.020.1440,8GB,512GB SSD,Not Applicable,Shared,Ryzen 5,13.3
HP 15s-eq2335AU AMD Ryzen 7 5700U 15.6 Inch FHD AntiGlare Display Spruce Blue Laptop #5B355PA-2Y,"85,170","79,500","Monthly EMI Tk 7,098", 1 reviews ,33.01.020.1403,8GB,512GB SSD,Not Applicable,Shared,Ryzen 7,15.6
Asus VivoBook 14 X1400EA Intel Core i5 14 Inch FHD Display Black Laptop #EB1568W-X1400EA,"84,090","78,500","Monthly EMI Tk 7,008",,33.01.006.1635,8GB,512GB SSD,11th (Intel),Shared,Core i5,14
Dell Vostro 14 3400 Intel Core i5 1135G7 8GB Ram 14 Inch FHD Display Black Laptop,"85,720","80,000","Monthly EMI Tk 7,143", 1 reviews ,33.01.013.1598,8GB,512GB SSD,11th (Intel),2GB,Core i5,14
Dell Inspiron 15 3520 Gen Intel Core i5 1235U 15.6 Inch FHD Display Platinum Silver Laptop #WARMLKN15ADL23051010PLASPP-2Y,"84,630","79,000","Monthly EMI Tk 7,053",,33.01.013.1627,8GB,512GB SSD,12th (Intel),Shared,Core i5,15.6
Dell Inspiron 15 3520 Intel Core i5 1235U 15.6 Inch FHD Display Carbon Black Laptop #WARMLKN15ADL23051010PLASPP-2Y,"84,630","79,000","Monthly EMI Tk 7,053",,33.01.013.1628,8GB,512GB SSD,12th (Intel),Shared,Core i5,15.6
Lenovo IdeaPad Slim 3i 15ITL6 Intel Core i5 1135G7 15.6 Inch FHD Display Arctic Grey Laptop #82H801WJIN-3Y,"85,720","79,900","Monthly EMI Tk 7,143",,33.01.200.1035,8GB,512GB SSD,11th (Intel),2GB,Core i5,15.6
Asus VivoBook 15 X1500EA Intel Core i5 1135G7 15.6 Inch FHD WV Display Indie Black Laptop #BQ2463W-X1500EA,"84,090","78,500","Monthly EMI Tk 7,008",,33.01.006.1633,8GB,512GB SSD,11th (Intel),Shared,Core i5,15.6
HP 14s-dq4458TU Intel Core i5 1155G7 14 Inch FHD Display Pale Gold Laptop #605T5PA-2Y,"83,550","78,000","Monthly EMI Tk 6,963", 1 reviews ,33.01.020.1389,8GB,512GB SSD,11th (Intel),Shared,Core i5,14
Asus X515EP Intel Core i5 1135G7 15.6 Inch FHD WV Display Slate Grey Laptop #BQ516W-X515EP,"81,380","77,500","Monthly EMI Tk 6,782", 1 reviews ,33.01.006.1564,4GB,256GB SSD,11th (Intel),2GB,Core i5,15.6
Lenovo IdeaPad Slim 3i 15ITL6 Intel Core i5 1135G7 15.6 Inch FHD  Display Arctic Grey Laptop #82H801WJIN-2Y,"83,550","77,500","Monthly EMI Tk 6,963", 1 reviews ,33.01.200.970,8GB,512GB SSD,11th (Intel),2GB,Core i5,15.6
Lenovo IdeaPad 3 15ALC6 AMD Ryzen 7 5700U 15.6 Inch FHD Display Arctic Grey Laptop #82KU01C0IN-3Y,"82,460","77,000","Monthly EMI Tk 6,872",,33.01.200.1025,8GB,512GB SSD,Not Applicable,Shared,Ryzen 7,15.6
HP Pavilion 15-eh1890AU AMD Ryzen 5 5500U 15.6 Inch FHD Display Silver Laptop #552K6PA-3Y,"83,550","77,500","Monthly EMI Tk 6,963", 1 reviews ,33.01.020.1380,8GB,512GB SSD,Not Applicable,Shared,Ryzen 5,15.6
Asus X515EA Intel 1135G7 15.6 Inch FHD WV Display Peacock Blue Laptop #BQ1367W/BQ2227W-X515EA,"82,460","76,500","Monthly EMI Tk 6,872", 1 reviews ,33.01.006.1533,8GB,512GB SSD,11th (Intel),Shared,Core i5,15.6
Huawei MateBook D 15 Intel Core i5 1135G7 15.6 Inch FHD Finger Print Sensor Silver Laptop,"81,920", ,"Monthly EMI Tk 6,827", 1 reviews ,33.03.487.04,8GB,512GB SSD,11th (Intel),Shared,Core i5,15.6
Huawei MateBook B3-520 Intel Core i5 1135G7 15.6 Inch FHD Display Space Gray Laptop #BDZ-WDH9A,"81,920", ,"Monthly EMI Tk 6,827",,33.03.487.09,8GB,512GB SSD,11th (Intel),Shared,Core i5,15.6
Huawei MateBook B3-420 Intel Core i5 14 Inch FHD Display Space Gray Laptop,"81,920", ,"Monthly EMI Tk 6,827",,33.03.487.07,8GB,512GB SSD,11th (Intel),Shared,Core i5,14
Lenovo IdeaPad 3 14ALC6 AMD Ryzen 7 5700U 14 Inch FHD Display Arctic Grey Laptop #82KT00QDIN-3Y,"81,920","76,000","Monthly EMI Tk 6,827",,33.01.200.1022,8GB,512GB SSD,Not Applicable,Shared,Ryzen 7,14
Asus VivoBook 15 X1500EA Intel Core i5 1135G7 1TB HDD 15.6 Inch FHD WV Display Indie Black Laptop #BQ2462W-X1500EA,"80,830","75,500","Monthly EMI Tk 6,736",,33.01.006.1634,8GB,1TB HDD,11th (Intel),Shared,Core i5,15.6
HP 15s-du3039TX Intel Core i5 1135G7 15.6 Inch FHD Display Silver Laptop #2W2Z7PA-2Y,"84,090","78,000","Monthly EMI Tk 7,008", 2 reviews ,33.01.020.1443,8GB,1TB HDD,11th (Intel),2GB,Core i5,15.6
Realme Book i5 Intel Core i5 1135G7 14 Inch 2K IPS Display Grey Laptop,"79,210","74,000","Monthly EMI Tk 6,601", 1 reviews ,33.01.848.04,8GB,512GB SSD,11th (Intel),Shared,Core i5,14
Lenovo ThinkBook 14 G2 ITL Intel Core i3 1115G4 14 Inch FHD Display Mineral Grey Laptop #20VD01AKIN-3Y,"78,120","73,000","Monthly EMI Tk 6,510", 1 reviews ,33.01.200.994,8GB,512GB SSD,11th (Intel),Shared,Core i3,14
HP 14s-dq5445TU Intel Core i5 1235U 14 Inch FHD IPS Display Silver Laptop #681P1PA-2Y,"81,380","75,000","Monthly EMI Tk 6,782", 7 reviews ,33.01.020.1466,8GB,512GB SSD,12th (Intel),Shared,Core i5,14
Lenovo IdeaPad Slim 3i 15ITL Intel Core i5 1135G7 15.6 Inch FHD Display Arctic Grey Laptop #82H801WKIN-3Y,"80,290","75,000","Monthly EMI Tk 6,691",,33.01.200.1037,8GB,512GB SSD,11th (Intel),Shared,Core i5,15.6
HP 15s-fq2643TU Intel Core i5 1135G7 15.6 Inch HD Display Silver Laptop #577Z6PA-2Y,"79,100","72,900","Monthly EMI Tk 6,592", 1 reviews ,33.01.020.1390,8GB,512GB SSD,11th (Intel),Shared,Core i5,15.6
Lenovo IdeaPad Slim 3i 15ITL Intel Core i5 1135G7 15.6 Inch FHD Display Arctic Grey Laptop #82H801WKIN-2Y,"77,040","71,500","Monthly EMI Tk 6,420", 1 reviews ,33.01.200.952,8GB,512GB SSD,11th (Intel),Shared,Core i5,15.6
Acer Swift 3 SF314-42 AMD Ryzen 5 4500U 14 Inch FHD Display Silver Laptop,"77,580","72,000","Monthly EMI Tk 6,465", 3 reviews ,33.01.002.879,8GB,512GB SSD,Not Applicable,Shared,Ryzen 5,14
Realme Book i5 Intel Core i5 1135G7 14 Inch 2K IPS Display Green Laptop,"79,210","74,000","Monthly EMI Tk 6,601", 2 reviews ,33.01.848.03,8GB,512GB SSD,11th (Intel),Shared,Core i5,14
HP 250 G8 Intel Core i5 1135G7 15.6 Inch FHD Display Ash Laptop #5C127PA-3Y,"77,040","71,500","Monthly EMI Tk 6,420", 2 reviews ,33.01.020.1461,8GB,1TB HDD,11th (Intel),Shared,Core i5,15.6
Asus VivoBook S15 S513EA Intel Core i3 1115G4 15.6 Inch FHD OLED Display Indie Black Laptop #L13076W-S513EA,"74,870","71,000","Monthly EMI Tk 6,239", 1 reviews ,33.01.006.1569,8GB,512GB SSD,11th (Intel),Shared,Core i3,15.6
Asus VivoBook S15 S513EA Intel Core i3 1115G4 15.6 Inch FHD OLED Display Hearty Gold Laptop #L13075W-S513EA,"74,870","71,000","Monthly EMI Tk 6,239", 1 reviews ,33.01.006.1568,8GB,512GB SSD,11th (Intel),Shared,Core i3,15.6
HP 15s-eq3234AU AMD Ryzen 5 5625U 15.6 Inch FHD IPS Display Spruce Blue Laptop #681P5PA-2Y,"74,870","70,000","Monthly EMI Tk 6,239", 2 reviews ,33.01.020.1471,8GB,512GB SSD,Not Applicable,Shared,Ryzen 5,15.6
Asus X515EA Intel Core i5 1135G7 15.6 Inch FHD Display Slate Grey Laptop #EJ2460W-X515EA,"75,950","70,500","Monthly EMI Tk 6,329", 11 reviews ,33.01.006.1661,4GB,1TB HDD,11th (Intel),Shared,Core i5,15.6
HP ProBook 445 G8 AMD Ryzen 3 5400U 14 Inch FHD Display Silver Laptop #46W06AV-3Y,"75,410","70,000","Monthly EMI Tk 6,284", 1 reviews ,33.01.020.1436,8GB,512GB SSD,Not Applicable,Shared,Ryzen 3,14
Asus X515EA Intel Core i5 1135G7 15.6 Inch FHD Display Peacock Blue Laptop #EJ2459W-X515EA,"75,950","70,500","Monthly EMI Tk 6,329", 12 reviews ,33.01.006.1660,4GB,1TB HDD,11th (Intel),Shared,Core i5,15.6
Asus VivoBook 15 K513EA Intel Core i3 1115G4 15.6 Inch FHD OLED Display Hearty Gold Laptop #L13489W-K513EA,"74,870","70,000","Monthly EMI Tk 6,239",,33.01.006.1630,4GB,512GB SSD,11th (Intel),Shared,Core i3,15.6
Asus X515EA Intel Core i5 1135G7 15.6 Inch FHD WV Display Slate Grey Laptop #BQ2312W-X515EA,"74,320","69,000","Monthly EMI Tk 6,193", 1 reviews ,33.01.006.1522,4GB,1TB HDD,11th (Intel),Shared,Core i5,15.6
Asus VivoBook 14 X1402ZA Intel Core i3 1220P 14 Inch FHD Display Quiet Blue Laptop #X1402ZA-EB159W,"73,780","69,990","Monthly EMI Tk 6,148", 11 reviews ,33.01.006.1646,4GB,512GB SSD,12th (Intel),Shared,Core i3,14
Asus VivoBook 15 X1502ZA Intel Core i3 1220P15.6 Inch FHD LED Display Icelight Silver Laptop #X1502ZA-BQ326W,"73,780","69,990","Monthly EMI Tk 6,148", 12 reviews ,33.01.006.1650,4GB,512GB SSD,12th (Intel),Shared,Core i3,15.6
Asus VivoBook 15 X1502ZA Intel Core i3 1220P 15.6 Inch FHD LED Display Quiet Blue Laptop #X1502ZA-BQ324W,"73,780","69,990","Monthly EMI Tk 6,148", 12 reviews ,33.01.006.1649,4GB,512GB SSD,12th (Intel),Shared,Ryzen 3,15.6
Asus X515EA Intel Core i5 1135G7 15.6 Inch FHD WV Display Peacock Blue Laptop #BQ2313W-X515EA,"74,320","69,000","Monthly EMI Tk 6,193", 1 reviews ,33.01.006.1563,4GB,1TB,11th (Intel),Shared,Core i5,15.6
HP 15s-eq2690AU AMD Ryzen 5 5500U 15.6 Inch FHD AntiGlare Display Silver Laptop #577Z4PA-2Y,"73,240","68,000","Monthly EMI Tk 6,103", 1 reviews ,33.01.020.1405,8GB,512GB SSD,Not Applicable,Shared,Ryzen 5,15.6
Asus VivoBook S15 S513EA Intel Core i3 1115G4 4GB DDR4 15.6 Inch FHD OLED Display Indie Black Laptop #L13199W-S513EA,"72,700","68,500","Monthly EMI Tk 6,058",,33.01.006.1629,4GB,512GB SSD,11th (Intel),Shared,Core i3,15.6
Asus X515JA 10th Gen Intel Core i5 1035G1 15.6 Inch FHD Display Slate Grey Laptop #EJ2771W-X515JA,"73,240","68,000","Monthly EMI Tk 6,103", 1 reviews ,33.01.006.1508,8GB,512GB SSD,10th (Intel),Shared,Core i5,15.6
Acer Aspire 5 A515-56 Intel Core i5 1135G7 15.6 Inch FHD Display Pure Silver Laptop #NX.A1GSI.00E,"71,610","66,500","Monthly EMI Tk 5,968", 1 reviews ,33.01.002.956,8GB,512GB SSD,11th (Intel),Shared,Core i5,15.6
HP ProBook 440 G8 Intel Core i3 1115G4 14 Inch FHD Display Silver Laptop #464N0AV-3Y,"73,240","68,000","Monthly EMI Tk 6,103", 1 reviews ,33.01.020.1438,8GB,512GB SSD,11th (Intel),Shared,Core i3,14
Acer Aspire 5 A514-54-54A8 Intel Core i5 1135G714 Inch FHD Display Pure Silver Laptop #NX.A28SI.009,"71,070","66,000","Monthly EMI Tk 5,923", 1 reviews ,33.01.002.952,8GB,512GB SSD,11th (Intel),Shared,Core i5,14
Dell Inspiron 15 3525 AMD Ryzen 5 5625U 15.6 Inch FHD Display Carbon Black Laptop #WARMLKN315AMD2301229SPP-2Y,"73,780","68,000","Monthly EMI Tk 6,148", 3 reviews ,33.01.013.1632,8GB,512GB SSD,Not Applicable,Shared,Ryzen 5,15.6
Acer TravelMate P214-53-59FP Intel Core i5 1135G7 14 Inch FHD Display Shale Black Laptop #NX.VPLSI.00Y,"73,240","67,900","Monthly EMI Tk 6,103",,33.01.002.964,8GB,512GB SSD,11th (Intel),Shared,Core i5,14
Acer Extensa 15 EX215-54-596B Intel Core i5 1135G7 15.6 Inch FHD Display Charcoal Black Laptop #NX.EGJSI.002,"65,100","61,500","Monthly EMI Tk 5,425", 3 reviews ,33.01.002.941,8GB,1TB HDD,11th (Intel),Shared,Core i5,15.6
Acer TravelMate P214-53-544R Intel Core i5 1135G7 14 Inch FHD Display Shale Black Laptop #NX.VPLSI.010,"71,070","65,900","Monthly EMI Tk 5,923",,33.01.002.965,8GB,1TB HDD,11th (Intel),Shared,Core i5,14
HP 15s-fq5486TU Intel Core i3 1215U 15.6 Inch FHD Display Black Laptop #681P8PA-2Y,"66,730","62,000","Monthly EMI Tk 5,561", 1 reviews ,33.01.020.1464,4GB,256GB SSD,12th (Intel),Shared,Core i3,15.6
HP 250 G8 11th Gen Intel Core i3 1115G4 15.6 Inch FHD Display Ash Silver Laptop #5C121PA-3Y,"66,730","62,000","Monthly EMI Tk 5,561",,33.01.020.1486,4GB,1TB HDD,11th (Intel),Shared,Core i3,15.6
Huawei MateBook D 15 11th Gen Intel Core i3 1115G4 15.6 Inch FHD Display Silver Laptop,"65,100", ,"Monthly EMI Tk 5,425",,33.03.487.06,8GB,256GB SSD,11th (Intel),Shared,Core i3,15.6
HP 15s-du3811TU Intel Core i3 1125G4 15.6 Inch FHD Display Silver Laptop #6G6F8PA-2Y,"65,100","60,500","Monthly EMI Tk 5,425",,33.01.020.1478,8GB,1TB HDD,11th (Intel),Shared,Core i3,15.6
Asus X515EA Intel Core i3 1115G4 15.6 Inch FHD WV Display Peacock Blue Laptop #BQ2224W-X515EA,"65,100","61,000","Monthly EMI Tk 5,425", 1 reviews ,33.01.006.1562,8GB,512GB SSD,11th (Intel),Shared,Core i3,15.6
Huawei MateBook B3-520 Intel Core i3 1115G4 15.6 Inch FHD Display Space Gray Laptop #BDZ-WDI9A,"65,100", ,"Monthly EMI Tk 5,425",,33.03.487.08,8GB,256GB SSD,11th (Intel),Shared,Core i3,15.6
HP 15s-eq2171AU AMD Ryzen 3 5300U 15.6 Inch FHD Display Spruce Blue Laptop #681P6PA-2Y,"65,100","61,000","Monthly EMI Tk 5,425", 1 reviews ,33.01.020.1477,8GB,512GB SSD,Not Applicable,Shared,Ryzen 3,15.6
Asus X515JA Intel Core i5 1035G1 4GB DDR4 15.6 Inch FHD Display Slate Grey Laptop #BQ3552W-X515JA,"64,020","60,000","Monthly EMI Tk 5,335",,33.01.006.1631,4GB,1TB HDD,10th (Intel),Shared,Core i5,15.6
Asus X515EA Intel Core i3 1115G4 15.6 Inch FHD WV Display Slate Grey Laptop #BQ2225W-X515EA,"64,020","59,500","Monthly EMI Tk 5,335", 1 reviews ,33.01.006.1523,8GB,512GB SSD,11th (Intel),Shared,Core i3,15.6
Realme Book i5 Intel Core i5 1135G7 14 Inch 2K IPS Display Blue Laptop,"79,210","74,000","Monthly EMI Tk 6,601", 1 reviews ,33.01.848.02,8GB,512GB SSD,11th (Intel),Shared,Core i5,14
Asus ExpertBook B1 15 B1500CEAE Intel Core i3 1115G4 15.6 Inch FHD Display Star Black Laptop #BQ2640,"62,930","59,000","Monthly EMI Tk 5,244", 2 reviews ,33.01.006.1463,4GB,512GB SSD,11th (Intel),Shared,Core i3,15.6
HP 240 G8 Intel Core i3 1115G4 14 Inch FHD Display Black Laptop #4Z555PA-3Y,"63,470","59,000","Monthly EMI Tk 5,289", 1 reviews ,33.01.020.1408,8GB,1TB HDD,11th (Intel),Shared,Core i3,14
HP 15s-du3560TU Intel Core i3 1125G4 15.6 Inch FHD AntiGlare Display Silver Laptop #577Y2PA-2Y,"64,560","59,800","Monthly EMI Tk 5,380", 2 reviews ,33.01.020.1395,8GB,1TB HDD,11th (Intel),Shared,Core i3,15.6
Dell Inspiron 15 3525 AMD Ryzen 3 5425U 15.6 Inch FHD Display Carbon Black Laptop #WARMLKN315AMD2301260SPP-2Y,"62,390","58,000","Monthly EMI Tk 5,199",,33.01.013.1634,8GB,256GB SSD,Not Applicable,Shared,Ryzen 3,15.6
Asus X515EA Intel Core i3 1115G4 15.6 Inch FHD LED Display Peacock Blue Laptop #BQ2219W-X515EA,"61,850","58,000","Monthly EMI Tk 5,154", 1 reviews ,33.01.006.1561,4GB,512GB SSD,11th (Intel),Shared,Core i3,15.6
Acer Extensa 15 EX215-52-56FJ 10th Gen Intel Core i5 1035G1 15.6 Inch FHD Display Black Laptop,"61,300","57,000","Monthly EMI Tk 5,108", 2 reviews ,33.01.002.875,8GB,1TB HDD,10th (Intel),Shared,Core i5,15.6
MSI Modern 14 B11MOU Intel Core i3 1115G4 14 Inch FHD IPS Display Carbon Gray Laptop #9S7-14D334-1056,"64,020","62,000","Monthly EMI Tk 5,335", 1 reviews ,33.01.033.1206,8GB,512GB SSD,11th (Intel),Shared,Core i3,14
HP 15s-fq2597TU Intel Core i3 1125G4 15.6 Inch FHD Display Silver Laptop #497Z9PA-2Y,"62,930","58,500","Monthly EMI Tk 5,244", 1 reviews ,33.01.020.1441,8GB,256GB SSD,11th (Intel),Shared,Core i3,15.6
Acer TravelMate P214-53-30NZ Intel Core i3 1115G4 14 Inch FHD Display Shale Black Laptop #NX.VPLSI.014,"61,300","56,900","Monthly EMI Tk 5,108",,33.01.002.963,4GB,1TB HDD+256GB SSD,11th (Intel),Shared,Core i3,14
HP 250 G8 Intel Core i3 1115G4 15.6 Inch FHD Display Black Laptop #4U9F9PA-3Y,"62,930","58,500","Monthly EMI Tk 5,244", 1 reviews ,33.01.020.1433,8GB,1TB HDD,11th (Intel),Shared,Core i3,15.6
Asus D515DA AMD Ryzen 3 3250U 15.6 Inch FHD Display Win 11 Slate Grey Laptop #EJ1325W-D515DA,"59,130","55,500","Monthly EMI Tk 4,928", 1 reviews ,33.01.006.1506,4GB,512GB SSD,Not Applicable,Shared,Ryzen 3,15.6
Asus X415EA 11th Gen Intel Core i3 4GB DDR4 14 Inch Display Slate Grey Laptop #EK615W-X415EA,"59,680","56,000","Monthly EMI Tk 4,973",,33.01.006.1625,4GB,256GB SSD,11th (Intel),Shared,Core i3,14
Lenovo IdeaPad Slim 3i 14ITL Intel Core i3 1115G4 14 Inch FHD Display Arctic Grey Laptop #82H7013EIN-3Y,"61,850","58,000","Monthly EMI Tk 5,154", 1 reviews ,33.01.200.986,8GB,256GB SSD,11th (Intel),Shared,Core i3,14
Dell Inspiron 15 3511 11th Gen Intel Core i3  15.6 Inch  Carbon Black Laptop #WARLOCKN315TGL2205401,"60,220","55,900","Monthly EMI Tk 5,018",,33.01.013.1622,8GB,256GB SSD,11th (Intel),Shared,Core i3,15.6
Dell Latitude 15-3520 Intel Core i3 1115G4 15.6 Inch HD Display Black Laptop,"59,020","54,800","Monthly EMI Tk 4,918", 1 reviews ,33.01.013.1581,4GB,1TB HDD,11th (Intel),Shared,Core i3,15.6
Lenovo V14 11th Gen Intel Core i3 1115G4 14 Inch FHD (1920x1080) TN Display Free Dos Black Laptop #82KA00E6IN-3Y,"59,680","55,400","Monthly EMI Tk 4,973", 1 reviews ,33.01.200.1006,8GB,1TB HDD+256GB SSD,11th (Intel),Shared,Core i3,14
Dynabook (Toshiba) Satellite Pro C40-G-13E Intel Core i5 10210U 14 Inch HD Display Dark Blue Laptop #A1PYS26E-2Y,"59,130","55,000","Monthly EMI Tk 4,928", 1 reviews ,33.01.853.155,8GB,256GB SSD,10th (Intel),Shared,Core i5,14
HP 15s-du3611TU Intel Core i3 1125G4 15.6 Inch FHD Display Jet Black Laptop #5B354PA-2Y,"58,590","54,500","Monthly EMI Tk 4,883", 2 reviews ,33.01.020.1396,4GB,1TB HDD,11th (Intel),Shared,Core i3,15.6
Lenovo IdeaPad Slim 3i 15ITL Intel Core i3 1115G4 15.6 Inch FHD Display Arctic Grey Laptop #82H801WHIN,"57,510","53,500","Monthly EMI Tk 4,793", 1 reviews ,33.01.200.954,4GB,256GB SSD,11th (Intel),Shared,Core i3,15.6
Lenovo IdeaPad Slim 3i 15ITL 11th Gen Intel Core i3 1115G4 15.6 Inch FHD Display Arctic Grey Laptop #82H801WHIN-3Y,"57,510","53,500","Monthly EMI Tk 4,793",,33.01.200.1036,4GB,256GB SSD,11th (Intel),Shared,Core i3,15.6
Asus D415DA AMD Ryzen 3 3250U 14 Inch HD Display Slate Grey Laptop #BV981W-D415DA,"55,340","53,000","Monthly EMI Tk 4,612", 1 reviews ,33.01.006.1600,4GB,1TB HDD,Not Applicable,Shared,Ryzen 3,14
Asus M515DA AMD Ryzen 3 3250U 15.6 Inch HD LED Display Slate Grey Laptop #BR1597W-M515DA,"56,420","53,000","Monthly EMI Tk 4,702",,33.01.006.1620,4GB,1TB HDD,Not Applicable,Shared,Ryzen 3,15.6
Dell Inspiron 15 3511 Intel Core i3 1115G4 15.6 Inch FHD Display Carbon Black Laptop #WARLOCKN315TGL2205401-2Y,"55,880","52,000","Monthly EMI Tk 4,657",,33.01.013.1528,4GB,256GB SSD,11th (Intel),Shared,Core i3,15.6
Asus X515EA Intel Core i3 1115G4 15.6 Inch FHD WV Display Peacock Blue Laptop #BQ2315W-X515EA,"55,880","52,000","Monthly EMI Tk 4,657", 1 reviews ,33.01.006.1521,4GB,1TB HDD,11th (Intel),Shared,Core i3,15.6
Dell Inspiron 15 3511 Intel Core i3 1115G4 4GB RAM 15.6 Inch FHD Display Mist Blue Speckle Laptop #WARLOCKN315TGL2205401-2Y,"55,880","52,000","Monthly EMI Tk 4,657", 1 reviews ,33.01.013.1530,4GB,256GB SSD,11th (Intel),Shared,Core i3,15.6
Asus X515EA Intel Core i3 1115G4 15.6 Inch FHD Display Peacock Blue Laptop #EJ2455W-X515EA,"55,880","52,000","Monthly EMI Tk 4,657", 18 reviews ,33.01.006.1659,4GB,1TB HDD,11th (Intel),Shared,Core i3,15.6
Asus X515EA 11th Gen Intel Core i3 4GB DDR4 15.6 Inch Display Slate Grey Laptop #EJ2454W-X515EA,"55,880","52,000","Monthly EMI Tk 4,657",,33.01.006.1626,4GB,1TB HDD,11th (Intel),Shared,Core i3,15.6
Acer Extensa 15 EX215-54-34SE Intel Core i3 1115G4 15.6 Inch FHD Charcoal Black Laptop #NX.EGJSI.00B,"54,790","52,000","Monthly EMI Tk 4,566", 1 reviews ,33.01.002.958,4GB,1TB HDD,11th (Intel),Shared,Core i3,15.6
Asus ExpertBook P2451FA Intel Core i3 10110U 14 Inch FHD LED Display Star Black Laptop #EK3345-P2451FA,"55,340","52,000","Monthly EMI Tk 4,612", 1 reviews ,33.01.006.1615,4GB,1TB HDD,10th (Intel),Shared,Core i3,14
"Lenovo IdeaPad 1 15ADA7 AMD Ryzen 3 3250U 15.6 Inch FHD Display, Win 11, Cloud Grey Laptop","55,880","51,500","Monthly EMI Tk 4,657", 1 reviews ,33.01.200.1009,8GB,512GB SSD,Not Applicable,Shared,Ryzen 3,15.6
Acer Aspire 3 A315-58 11th Gen Intel Core i3 1115G4 15.6 Inch FHD Display Pure Silver Laptop #UN.ADDSI.094,"54,790","50,900","Monthly EMI Tk 4,566", 13 reviews ,33.01.002.979,8GB,512GB SSD,11th (Intel),Shared,Core i3,15.6
Acer Extensa 15 EX215-54-37AH Intel Core i3 1115G4 15.6 Inch FHD Display Charcoal Black Laptop #NX.EGJSI.001,"53,170","50,500","Monthly EMI Tk 4,431", 2 reviews ,33.01.002.940,4GB,1TB HDD,11th (Intel),Shared,Core i3,15.6
Dell Inspiron 15 3511 Intel Core i3 1115G4 15.6 Inch FHD Display Platinum Silver Laptop Laptop #WARLOCKN315TGL2205106B / WARLOCKN315TGL2205401-2Y,"54,250","50,500","Monthly EMI Tk 4,521", 1 reviews ,33.01.013.1526,4GB,1TB HDD,11th (Intel),Shared,Core i3,15.6
Asus X515JA Intel Core i3 15.6 Inch Grey Laptop #BQ3550W-X515JA,"50,450","47,000","Monthly EMI Tk 4,204",,33.01.006.1623,4GB,1TB HDD,10th (Intel),Shared,Core i3,15.6
Asus E510MA Intel CDC N4020 15.6 Inch FHD Display Star Black Laptop #EJ601W-E510MA,"49,910","47,000","Monthly EMI Tk 4,159", 1 reviews ,33.01.006.1515,4GB,512GB SSD,Not Applicable,Shared,Intel Celeron,15.6
Asus X515JA 10th Gen Intel Core i3 1005G1 15.6 Inch FHD WV Display Slate Grey Laptop #BQ3551W-X515JA,"52,080","49,000","Monthly EMI Tk 4,340",,33.01.006.1622,8GB,1TB HDD,10th (Intel),Shared,Core i3,15.6
Lenovo IdeaPad Slim 3i 15IIL Intel Core i3 1005G1 15.6 Inch FHD Display Platinum Grey Laptop #81WE01PRIN-3Y,"50,450","46,900","Monthly EMI Tk 4,204", 1 reviews ,33.01.200.1012,4GB,1TB HDD,10th (Intel),Shared,Core i3,15.6
Acer Aspire 3 A315-58 11th Gen Intel Core i3 1115G4 15.6 Inch FHD Display Pure Silver Laptop #UN.ADDSI.066,"54,250","50,500","Monthly EMI Tk 4,521", 13 reviews ,33.01.002.978,8GB,256GB SSD,11th (Intel),Shared,Core i3,15.6
Dell Inspiron 15 3511 Intel Core i3 1115G4 15.6 Inch FHD Display Carbon Black Laptop #WARLOCKN315TGL2205106B-2Y,"53,170","49,000","Monthly EMI Tk 4,431", 1 reviews ,33.01.013.1525,4GB,1TB HDD,11th (Intel),Shared,Core i3,15.6
Asus R565FA Intel Core i3 10110U 15.6 Inch HD Display Slate Grey Laptop #BR221W-R565FA,"50,780","47,000","Monthly EMI Tk 4,232", 1 reviews ,33.01.006.1558,4GB,1TB HDD,10th (Intel),Shared,Core i3,15.6
Asus VivoBook 14 E410MA Intel CDC N4020 14 Inch HD Display Peacock Blue Laptop #BV2132W/BV1489W/BV2228W-E410MA,"48,830","46,500","Monthly EMI Tk 4,069", 1 reviews ,33.01.006.1554,4GB,256GB SSD,Not Applicable,Shared,Intel Celeron,14
Acer Aspire 3 A315-23 AMD Ryzen 3 3250U 15.6 Inch FHD Display Charcoal Black Laptop #UN.HVTSI.013,"49,370","45,900","Monthly EMI Tk 4,114", 13 reviews ,33.01.002.977,8GB,256GB SSD,Not Applicable,Shared,Ryzen 3,15.6
Asus X415FA 10th Gen Intel Core i3 10110U 14 Inch FHD Display Slate Grey Laptop #EK127W-X415FA,"49,910","46,500","Monthly EMI Tk 4,159",,33.01.006.1621,4GB,256GB SSD,10th (Intel),Shared,Core i3,14
Dynabook (Toshiba) Satellite Pro C40-G-11I Intel Core i3 10110U 14 Inch HD Display Dark Blue Laptop #A1PYS27E,"49,370","45,900","Monthly EMI Tk 4,114", 1 reviews ,33.01.853.154,8GB,256GB SSD,10th (Intel),Shared,Core i3,14
Asus X515FA 10th Gen Intel Core i3 10110U 15.6 Inch FHD Display Transparent Silver Laptop #EJ222W-X515FA,"49,910","46,500","Monthly EMI Tk 4,159", 1 reviews ,33.01.006.1500,4GB,1TB HDD,10th (Intel),Shared,Core i3,15.6
Asus X515FA Intel Core i3 10110U 15.6 Inch FHD Display Slate Grey Laptop #EJ223W-X515FA,"49,910","46,500","Monthly EMI Tk 4,159", 1 reviews ,33.01.006.1499,4GB,1TB HDD,10th (Intel),Shared,Core i3,15.6
Asus X515KA Intel CDC N4500 4GB DDR4 15.6 Inch Display FHD Transparent Silver Laptop #EJ150W-X515KA,"46,110","43,800","Monthly EMI Tk 3,843",,33.01.006.1619,4GB,1TB HDD,Not Applicable,Shared,Intel Celeron,15.6
Asus X515MA Intel CDC N4020 15.6 Inch FHD Display Slate Grey Laptop #BQ636T-X515MA,"45,570","43,500","Monthly EMI Tk 3,798", 1 reviews ,33.01.006.1434,4GB,1TB HDD,Not Applicable,Shared,Intel Celeron,15.6
Acer One 14 Z2-493 AMD Ryzen 3 3250U 14 Inch HD Display Silver Laptop,"46,110","43,000","Monthly EMI Tk 3,843", 1 reviews ,33.01.002.968,4GB,1TB HDD,Not Applicable,Shared,Ryzen 3,14
Acer Extensa 15 EX215-52-384M Intel Core i3 1005G1 15.6 Inch FHD Display Black Laptop,"46,110","43,000","Monthly EMI Tk 3,843", 5 reviews ,33.01.002.874,4GB,1TB HDD,10th (Intel),Shared,Core i3,15.6
Asus X415KA Intel CDC N4500 14 Inch Slate Grey Laptop #EK091W-X415KA,"46,110","43,800","Monthly EMI Tk 3,843",,33.01.006.1617,4GB,1TB HDD,Not Applicable,Shared,Intel Celeron,14
Asus X515KA Intel CDC N4500 15.6 Inch HD Display Slate Grey Laptop #BR104W-X515KA,"43,400","42,500","Monthly EMI Tk 3,617", 1 reviews ,33.01.006.1518,4GB,1TB HDD,Not Applicable,Shared,Intel Celeron,15.6
Asus X515KA Intel CDC N4500 15.6 Inch FHD Display Slate Grey Laptop #EJ149W-X515KA,"45,570","42,500","Monthly EMI Tk 3,798",,33.01.006.1618,4GB,1TB HDD,Not Applicable,Shared,Intel Celeron,15.6
Asus X515MA Intel CDC N4020 1TB HDD 15.6 Inch FHD Display Slate Grey Laptop #BQ676W-X515MA,"45,570","42,500","Monthly EMI Tk 3,798", 1 reviews ,33.01.006.1486,4GB,1TB HDD,Not Applicable,Shared,Intel Celeron,15.6
Asus X515MA Intel CDC N4020 15.6 Inch FHD WV Display Transparent Silver Laptop #BQ675W-X515MA,"45,570","42,500","Monthly EMI Tk 3,798", 1 reviews ,33.01.006.1487,4GB,1TB HDD,Not Applicable,Shared,Intel Celeron,15.6
Asus 15 P1511CMA Intel CDC N4020 15.6 Inch HD Display Slate Grey Laptop #BR693W-P1511CMA,"43,940","41,500","Monthly EMI Tk 3,662", 1 reviews ,33.01.006.1599,4GB,1TB HDD,Not Applicable,Shared,Intel Celeron,15.6
Lenovo IdeaPad D330 10IGL Intel CDC N4020 10.1 Inch HD IPS Touch Display Mineral Grey Laptop #82H0001VIN-1Y,"38,520","36,000","Monthly EMI Tk 3,210", 2 reviews ,33.01.200.965,4GB,128GB eMMC,Not Applicable,Shared,Intel Celeron,10.1
Asus VivoBook Pro 16X M7600QE AMD Ryzen 7 5800H 16 Inch 4K WQUXGA OLED Display 0 Degree Black Laptop #L2061T-M7600QE,"190,960","178,000","Monthly EMI Tk 15,913", 1 reviews ,33.01.006.1462,16GB,512GB SSD,Not Applicable,4GB,Ryzen 7,16
Asus X415FA Intel Core i3 10110U 14 Inch FHD Display Slate Grey Laptop #EK120W-X415FA,"50,450","47,000","Monthly EMI Tk 4,204", 1 reviews ,33.01.006.1503,4GB,1TB HDD,10th (Intel),Shared,Core i3,14
